,taxon,W,p_val,q_val,diff_abn,passed_ss
1,ASV5,108.920.044.914.099,1.13E+07,8.07E+09,TRUE,FALSE
2,ASV6,134.108.560.153.122,0.000164402,0.109327084,FALSE,FALSE
3,ASV7,910.134.315.003.122,2.87E+07,0.000204015,TRUE,FALSE
4,ASV8,851.779.016.216.391,8.10E+08,0.005650624,TRUE,TRUE
5,ASV9,162.568.215.246.347,7.95E+09,0.053575117,FALSE,TRUE
6,ASV10,121.815.732.473.785,0.000788028,0.499609835,FALSE,TRUE
7,ASV11,235.244.559.826.999,2.51E+07,0.000178564,TRUE,TRUE
8,ASV14,194.318.583.476.223,2.32E+08,0.001631198,TRUE,FALSE
9,ASV15,255.860.147.004.691,1.83E+06,0.000130699,TRUE,FALSE
10,ASV17,0.917101346,0.815830423,1,FALSE,FALSE
11,ASV20,484.073.155.350.587,5.06E+05,3.66E+08,TRUE,TRUE
12,ASV21,0.49070409,0.768151922,1,FALSE,FALSE
13,ASV23,729.737.439.675.674,0.004261477,1,FALSE,FALSE
14,ASV24,0.317751647,0.540700358,1,FALSE,FALSE
15,ASV25,553.324.818.628.987,1.41E+06,1.02E+09,TRUE,TRUE
16,ASV26,228.885.373.626.114,1.57E+08,0.001108796,TRUE,TRUE
17,ASV28,112.335.117.646.425,0.000340717,0.222488024,FALSE,FALSE
18,ASV30,251.511.393.284.415,5.46E+07,0.000386254,TRUE,FALSE
19,ASV31,565.519.042.480.364,0.014888454,1,FALSE,FALSE
20,ASV32,62.390.858.549.501,0.011153642,1,FALSE,TRUE
21,ASV33,163.621.584.922.252,1.17E+09,0.008101388,TRUE,FALSE
22,ASV34,360.361.632.566.656,1.75E+07,0.000124824,TRUE,FALSE
23,ASV38,616.259.021.137.148,0.010188398,1,FALSE,FALSE
24,ASV39,182.652.453.910.194,2.58E+09,0.017700049,TRUE,TRUE
25,ASV40,69.795.109.754.362,1.73E+09,0.011929924,TRUE,FALSE
26,ASV41,97.986.820.616.013,0.001548967,0.944869733,FALSE,TRUE
27,ASV42,332.158.251.493.911,4.95E+06,3.56E+09,TRUE,FALSE
28,ASV43,22.027.007.253.066,0.262991186,1,FALSE,FALSE
29,ASV45,28.002.825.923.865,4.18E+07,0.000296189,TRUE,FALSE
30,ASV50,0.561731958,0.849155078,1,FALSE,FALSE
31,ASV51,841.293.607.169.596,0.003622423,1,FALSE,FALSE
32,ASV54,168.290.153.876.211,1.13E+06,8.17E+08,TRUE,TRUE
33,ASV55,141.668.227.170.593,0.515567857,1,FALSE,FALSE
34,ASV56,168.605.841.541.241,0.405807462,1,FALSE,FALSE
35,ASV58,212.804.167.939.028,5.66E+08,0.003959263,TRUE,TRUE
36,ASV60,302.836.918.474.461,0.128943571,1,FALSE,TRUE
37,ASV61,233.250.843.093.207,4.10E+08,0.002874821,TRUE,FALSE
38,ASV63,284.718.447.934.784,0.15540883,1,FALSE,FALSE
39,ASV65,180.626.525.289.541,8.72E+08,0.006070113,TRUE,FALSE
40,ASV66,632.465.855.308.786,0.011976125,1,FALSE,FALSE
41,ASV67,391.248.167.507.493,0.089382312,1,FALSE,FALSE
42,ASV72,323.161.901.990.207,0.107156946,1,FALSE,FALSE
43,ASV77,201.957.091.569.009,6.27E+08,0.004384117,TRUE,FALSE
44,ASV79,177.186.140.564.097,3.23E+09,0.022049263,TRUE,TRUE
45,ASV80,194.355.488.385.534,0.000207493,0.137568001,FALSE,FALSE
46,ASV82,110.491.158.965.213,0.001935313,1,FALSE,TRUE
47,ASV83,125.503.562.178.919,0.001054861,0.655068411,FALSE,TRUE
48,ASV89,121.556.304.513.734,0.002605371,1,FALSE,TRUE
49,ASV91,209.017.256.314.659,0.000358135,0.232787909,FALSE,TRUE
50,ASV92,427.419.102.702.925,5.28E+06,3.79E+09,TRUE,TRUE
51,ASV93,145.314.812.031.013,0.501862738,1,FALSE,FALSE
52,ASV97,277.846.930.197.576,0.167934076,1,FALSE,TRUE
53,ASV99,114.911.326.135.004,0.000631477,0.404145217,FALSE,TRUE
54,ASV100,118.179.559.276.518,0.000447029,0.288780575,FALSE,FALSE
55,ASV103,101.413.132.672.191,0.002015043,1,FALSE,TRUE
56,ASV108,191.304.772.520.628,0.00137243,0.844044473,FALSE,FALSE
57,ASV109,157.517.184.489.808,0.000269637,0.1771515,FALSE,TRUE
58,ASV110,370.508.869.217.695,0.077940377,1,FALSE,TRUE
59,ASV111,160.092.132.940.314,0.000820938,0.519653782,FALSE,TRUE
60,ASV114,486.695.510.127.883,0.032798889,1,FALSE,TRUE
61,ASV115,NA,1,1,FALSE,FALSE
62,ASV117,428.357.380.624.301,0.051310734,1,FALSE,FALSE
63,ASV120,136.983.217.762.059,3.65E+07,0.000259163,TRUE,FALSE
64,ASV121,426.736.445.772.755,0.057225875,1,FALSE,TRUE
65,ASV122,432.091.131.989.495,0.045239541,1,FALSE,FALSE
66,ASV123,19.124.709.382.339,2.16E+09,0.014864849,TRUE,TRUE
67,ASV125,205.653.993.001.325,7.57E+09,0.051165143,FALSE,TRUE
68,ASV126,NA,1,1,FALSE,FALSE
69,ASV129,527.324.494.426.491,0.031514332,1,FALSE,TRUE
70,ASV130,70.289.556.450.245,1.54E+07,0.000109922,TRUE,FALSE
71,ASV131,143.539.431.415.902,0.000126193,0.084422941,FALSE,FALSE
72,ASV133,0.897482276,0.854304786,1,FALSE,TRUE
73,ASV135,25.252.281.632.476,0.213067718,1,FALSE,FALSE
74,ASV138,11.977.634.014.741,0.000760713,0.483813232,FALSE,TRUE
75,ASV139,400.472.254.323.731,0.000136018,0.090859888,FALSE,FALSE
76,ASV140,206.398.544.986.561,0.001389048,0.850097673,FALSE,FALSE
77,ASV141,173.455.200.329.543,0.403984643,1,FALSE,TRUE
78,ASV143,264.374.747.318.277,0.19154546,1,FALSE,FALSE
79,ASV144,25.148.843.110.982,1.23E+09,0.008502798,TRUE,TRUE
80,ASV146,0.23032506,0.405103326,1,FALSE,FALSE
81,ASV148,315.139.066.302.022,5.58E+09,0.037865822,TRUE,TRUE
82,ASV149,0.540539714,0.811773443,1,FALSE,TRUE
83,ASV150,843.594.265.849.026,0.005704416,1,FALSE,TRUE
84,ASV152,107.008.364.824.866,0.713186665,1,FALSE,TRUE
85,ASV153,292.155.274.763.384,7.95E+09,0.053575117,FALSE,TRUE
86,ASV154,469.795.746.334.392,0.010885006,1,FALSE,FALSE
87,ASV156,120.311.384.746.582,0.001110657,0.688607551,FALSE,TRUE
88,ASV157,335.794.536.624.509,0.138948693,1,FALSE,TRUE
89,ASV158,676.615.181.745.676,0.01139452,1,FALSE,FALSE
90,ASV159,381.460.084.416.975,2.04E+07,0.000145416,TRUE,FALSE
91,ASV161,910.259.424.463.121,0.002633761,1,FALSE,FALSE
92,ASV162,30.508.684.741.388,0.147525276,1,FALSE,FALSE
93,ASV164,210.502.847.297.585,0.003881799,1,FALSE,TRUE
94,ASV165,515.971.144.614.762,0.03942856,1,FALSE,TRUE
95,ASV166,524.713.532.299.874,0.033595963,1,FALSE,TRUE
96,ASV172,260.542.889.068.472,0.191034918,1,FALSE,TRUE
97,ASV173,389.976.699.223.232,0.076204462,1,FALSE,TRUE
98,ASV174,267.580.032.579.626,1.12E+09,0.007787268,TRUE,TRUE
99,ASV183,0.035694056,0.069940615,1,FALSE,TRUE
100,ASV185,0.942989339,0.817824505,1,FALSE,FALSE
101,ASV186,328.418.502.821.952,0.001172796,0.725960757,FALSE,TRUE
102,ASV187,647.529.400.873.945,0.027698151,1,FALSE,FALSE
103,ASV188,119.919.597.327.531,0.654260837,1,FALSE,TRUE
104,ASV189,150.538.731.704.199,0.00034559,0.225324614,FALSE,FALSE
105,ASV193,329.085.901.707.791,0.121052133,1,FALSE,TRUE
106,ASV196,NA,1,1,FALSE,FALSE
107,ASV197,162.410.969.215.033,0.000449697,0.29005452,FALSE,TRUE
108,ASV198,870.981.373.410.437,0.007964555,1,FALSE,TRUE
109,ASV199,397.850.448.988.049,0.062172873,1,FALSE,TRUE
110,ASV200,803.152.144.653.369,9.34E+09,0.062839956,FALSE,FALSE
111,ASV203,334.675.996.008.497,0.111499135,1,FALSE,FALSE
112,ASV205,NA,1,1,FALSE,FALSE
113,ASV207,846.966.114.477.196,0.003505841,1,FALSE,FALSE
114,ASV209,241.244.886.147.671,4.11E+09,0.027987251,TRUE,FALSE
115,ASV211,NA,1,1,FALSE,FALSE
116,ASV215,0.773762737,0.974059196,1,FALSE,FALSE
117,ASV221,448.068.610.520.371,0.052699272,1,FALSE,TRUE
118,ASV224,108.220.297.964.871,0.000658517,0.420792203,FALSE,FALSE
119,ASV226,NA,1,1,FALSE,FALSE
120,ASV228,0.430812426,0.685397433,1,FALSE,FALSE
121,ASV229,437.188.913.137.175,0.061131033,1,FALSE,TRUE
122,ASV230,602.511.287.964.266,0.022412947,1,FALSE,TRUE
123,ASV232,402.106.037.733.475,0.104614545,1,FALSE,FALSE
124,ASV233,424.065.231.365.394,0.092761309,1,FALSE,TRUE
125,ASV242,734.389.775.266.465,3.57E+05,2.57E+09,TRUE,TRUE
126,ASV244,95.622.486.440.679,0.002436925,1,FALSE,FALSE
127,ASV245,696.974.510.254.477,0.022172166,1,FALSE,FALSE
128,ASV246,16.871.741.229.554,0.000372844,0.241603152,FALSE,FALSE
129,ASV248,153.520.888.080.913,0.000469943,0.302173358,FALSE,FALSE
130,ASV249,265.246.731.910.066,2.37E+09,0.016311409,TRUE,TRUE
131,ASV250,13.684.523.901.867,0.001016711,0.632394314,FALSE,TRUE
132,ASV253,228.757.324.196.705,0.281720589,1,FALSE,FALSE
133,ASV254,194.906.673.549.966,0.34262469,1,FALSE,TRUE
134,ASV255,56.462.409.226.982,0.023796225,1,FALSE,FALSE
135,ASV257,141.678.786.854.728,0.542659729,1,FALSE,TRUE
136,ASV259,528.414.397.012.362,3.46E+06,2.49E+09,TRUE,TRUE
137,ASV260,101.672.866.320.697,0.767994102,1,FALSE,FALSE
138,ASV261,209.537.033.225.483,0.003928943,1,FALSE,FALSE
139,ASV262,175.598.949.627.245,0.000235313,0.155306295,FALSE,FALSE
140,ASV263,NA,1,1,FALSE,FALSE
141,ASV264,10.189.360.389.165,0.002800338,1,FALSE,FALSE
142,ASV266,582.183.080.722.018,0.031302408,1,FALSE,TRUE
143,ASV267,674.737.646.779.781,5.33E+09,0.036165584,TRUE,TRUE
144,ASV269,NA,1,1,FALSE,FALSE
145,ASV270,263.097.881.454.252,0.000347846,0.226447793,FALSE,TRUE
146,ASV271,142.211.648.203.661,0.540209404,1,FALSE,TRUE
147,ASV272,576.888.700.897.724,0.029760825,1,FALSE,TRUE
148,ASV275,750.087.593.733.247,0.010066998,1,FALSE,FALSE
149,ASV277,0.471011576,0.722135449,1,FALSE,TRUE
150,ASV280,53.291.854.654.164,0.036837938,1,FALSE,FALSE
151,ASV282,0.251251051,0.433788518,1,FALSE,TRUE
152,ASV285,NA,1,1,FALSE,FALSE
153,ASV286,239.075.925.420.313,0.005515158,1,FALSE,FALSE
154,ASV287,289.400.545.140.595,2.13E+08,0.014672842,TRUE,TRUE
155,ASV288,241.898.060.783.632,0.241628442,1,FALSE,TRUE
156,ASV292,43.482.302.936.445,0.062074342,1,FALSE,TRUE
157,ASV293,438.967.758.292.593,0.103344859,1,FALSE,FALSE
158,ASV294,127.188.397.512.966,0.002169022,1,FALSE,TRUE
159,ASV295,NA,1,1,FALSE,FALSE
160,ASV297,584.828.277.831.021,0.033729122,1,FALSE,FALSE
161,ASV302,392.150.798.959.057,0.103600648,1,FALSE,TRUE
162,ASV303,531.328.925.950.058,0.000856152,0.539375808,FALSE,FALSE
163,ASV306,161.300.280.049.861,0.001483815,0.90661075,FALSE,TRUE
164,ASV307,188.025.341.339.856,0.001893815,1,FALSE,FALSE
165,ASV308,260.023.305.213.784,0.237841952,1,FALSE,TRUE
166,ASV309,23.958.955.978.773,0.250078402,1,FALSE,TRUE
167,ASV311,13.402.606.757.224,0.001386922,0.850097673,FALSE,FALSE
168,ASV314,551.519.893.905.764,0.0368736,1,FALSE,TRUE
169,ASV316,347.370.544.667.438,4.69E+08,0.003288557,TRUE,TRUE
170,ASV317,458.232.605.936.579,0.001217557,0.752450467,FALSE,FALSE
171,ASV318,469.450.164.239.455,8.22E+08,0.005726435,TRUE,FALSE
172,ASV322,10.537.286.143.736,0.087977984,1,FALSE,TRUE
173,ASV324,0.327171026,0.541624968,1,FALSE,TRUE
174,ASV325,136.071.940.494.084,0.00085263,0.538862272,FALSE,FALSE
175,ASV326,233.895.895.445.937,6.88E+09,0.046583391,TRUE,TRUE
176,ASV327,128.020.647.680.015,0.013685235,1,FALSE,FALSE
177,ASV328,0.083943787,0.160115623,1,FALSE,TRUE
178,ASV330,142.278.574.754.934,0.5435456,1,FALSE,TRUE
179,ASV332,662.067.689.971.405,0.025919521,1,FALSE,FALSE
180,ASV333,877.191.957.232.592,0.010552896,1,FALSE,FALSE
181,ASV334,0.264956539,0.456775453,1,FALSE,FALSE
182,ASV335,166.852.671.914.718,0.443346015,1,FALSE,TRUE
183,ASV338,39.507.732.765.423,0.096116182,1,FALSE,TRUE
184,ASV341,0.993969843,0.807806326,1,FALSE,FALSE
185,ASV342,120.120.289.402.055,0.005759494,1,FALSE,FALSE
186,ASV345,190.384.231.499.433,0.366605887,1,FALSE,FALSE
187,ASV348,163.761.520.837.313,0.521918441,1,FALSE,TRUE
188,ASV351,823.113.516.635.191,0.022877202,1,FALSE,TRUE
189,ASV355,106.107.857.031.849,0.76406525,1,FALSE,FALSE
190,ASV357,121.681.645.599.928,0.66048588,1,FALSE,TRUE
191,ASV359,684.830.671.213.747,0.020742549,1,FALSE,FALSE
192,ASV361,129.292.080.789.957,0.006233377,1,FALSE,TRUE
193,ASV364,695.400.015.655.205,0.015989144,1,FALSE,FALSE
194,ASV370,663.514.993.712.933,0.025749955,1,FALSE,TRUE
195,ASV371,306.789.615.371.043,0.020128381,1,FALSE,FALSE
196,ASV373,0.089516139,0.170396788,1,FALSE,TRUE
197,ASV377,833.727.387.245.297,0.014809646,1,FALSE,FALSE
198,ASV379,187.966.059.454.751,0.000163961,0.109198321,FALSE,FALSE
199,ASV380,358.515.045.820.317,0.106764662,1,FALSE,TRUE
200,ASV381,140.553.445.830.681,0.003407028,1,FALSE,TRUE
201,ASV382,416.389.620.511.959,0.096711743,1,FALSE,FALSE
202,ASV385,0.708955093,0.964599077,1,FALSE,FALSE
203,ASV388,170.349.086.470.378,0.000855693,0.539375808,FALSE,TRUE
204,ASV389,140.971.376.738.291,0.001844868,1,FALSE,FALSE
205,ASV390,161.831.523.526.114,0.466401188,1,FALSE,FALSE
206,ASV391,NA,1,1,FALSE,FALSE
207,ASV392,112.991.256.977.982,0.007024858,1,FALSE,TRUE
208,ASV393,769.937.174.276.668,0.014116713,1,FALSE,TRUE
209,ASV394,320.802.117.663.612,0.142601909,1,FALSE,FALSE
210,ASV395,116.315.882.107.282,0.702850924,1,FALSE,TRUE
211,ASV398,157.940.800.112.959,0.000663338,0.423209475,FALSE,FALSE
212,ASV399,146.856.582.027.449,0.000924047,0.578453427,FALSE,FALSE
213,ASV401,239.132.111.920.104,0.261027277,1,FALSE,FALSE
214,ASV402,470.624.125.786.054,0.079820735,1,FALSE,FALSE
215,ASV404,684.616.747.218.756,0.020763283,1,FALSE,TRUE
216,ASV406,530.758.790.240.333,0.000117776,0.078910241,FALSE,TRUE
217,ASV408,247.084.863.556.007,0.259866141,1,FALSE,FALSE
218,ASV416,321.113.019.832.657,5.11E+09,0.034776244,TRUE,TRUE
219,ASV417,169.799.233.634.741,0.000280488,0.183719547,FALSE,FALSE
220,ASV420,947.914.364.757.381,0.004361352,1,FALSE,FALSE
221,ASV421,0.913746852,0.854390982,1,FALSE,FALSE
222,ASV423,86.732.711.196.792,0.033948145,1,FALSE,TRUE
223,ASV428,753.994.220.926.991,0.023860333,1,FALSE,FALSE
224,ASV429,348.276.024.088.955,0.178308971,1,FALSE,FALSE
225,ASV431,493.983.794.077.413,0.050726821,1,FALSE,FALSE
226,ASV436,121.082.788.992.742,0.000116409,0.078110165,FALSE,FALSE
227,ASV437,0.383161734,0.619089744,1,FALSE,FALSE
228,ASV439,593.165.186.858.673,0.052624019,1,FALSE,TRUE
229,ASV442,293.244.005.794.943,3.04E+09,0.020790257,TRUE,TRUE
230,ASV444,0.188506402,0.338369688,1,FALSE,FALSE
231,ASV445,643.977.991.540.714,0.031900073,1,FALSE,FALSE
232,ASV446,845.784.807.595.152,1.08E+08,0.000766092,TRUE,TRUE
233,ASV448,757.041.429.791.103,0.028567637,1,FALSE,TRUE
234,ASV456,197.214.950.306.666,0.000676872,0.431167278,FALSE,FALSE
235,ASV458,535.334.984.511.421,0.052538246,1,FALSE,TRUE
236,ASV459,536.149.177.637.449,0.052332151,1,FALSE,TRUE
237,ASV461,520.105.527.542.354,0.047248046,1,FALSE,FALSE
238,ASV467,0.388280766,0.627117001,1,FALSE,TRUE
239,ASV472,357.801.266.828.218,0.000925904,0.578690172,FALSE,FALSE
240,ASV473,342.337.748.434.012,2.20E+09,0.015134959,TRUE,TRUE
241,ASV474,240.619.546.103.486,0.264448187,1,FALSE,FALSE
242,ASV475,382.636.018.321.574,0.109548838,1,FALSE,FALSE
243,ASV477,978.591.571.480.347,0.025834392,1,FALSE,FALSE
244,ASV480,114.391.740.727.065,0.002724275,1,FALSE,FALSE
245,ASV483,0.300552576,0.508354376,1,FALSE,TRUE
246,ASV484,NA,1,1,FALSE,TRUE
247,ASV486,365.115.478.674.422,0.138038483,1,FALSE,TRUE
248,ASV487,129.739.088.367.525,0.006167974,1,FALSE,FALSE
249,ASV488,0.651311805,0.911430816,1,FALSE,TRUE
250,ASV490,108.385.281.971.412,0.757327062,1,FALSE,FALSE
251,ASV491,577.300.891.490.661,0.038619408,1,FALSE,TRUE
252,ASV492,43.780.914.501.994,0.134450264,1,FALSE,TRUE
253,ASV494,246.779.287.717.031,3.61E+09,0.024608673,TRUE,FALSE
254,ASV500,389.607.075.009.593,0.164660198,1,FALSE,FALSE
255,ASV501,198.759.746.004.939,0.000445348,0.288140329,FALSE,FALSE
256,ASV503,0.30112282,0.498903157,1,FALSE,TRUE
257,ASV504,405.430.994.623.629,0.135389926,1,FALSE,FALSE
258,ASV505,175.994.238.652.264,0.442756601,1,FALSE,FALSE
259,ASV506,101.841.691.440.178,0.009764817,1,FALSE,TRUE
260,ASV511,142.610.328.294.326,0.004604353,1,FALSE,FALSE
261,ASV513,0.181060781,0.325880013,1,FALSE,FALSE
262,ASV514,502.480.008.557.698,0.127245549,1,FALSE,TRUE
263,ASV515,201.758.434.323.073,0.000617959,0.396111911,FALSE,FALSE
264,ASV520,151.866.037.878.354,0.027083816,1,FALSE,FALSE
265,ASV521,0.095614543,0.181000755,1,FALSE,FALSE
266,ASV524,21.483.351.443.961,0.003679435,1,FALSE,FALSE
267,ASV526,0.593391897,0.843950283,1,FALSE,TRUE
268,ASV532,120.112.473.272.839,0.007790571,1,FALSE,FALSE
269,ASV534,198.165.004.260.024,0.000315176,0.206125167,FALSE,TRUE
270,ASV535,415.751.539.627.353,2.85E+09,0.019534356,TRUE,TRUE
271,ASV536,255.590.093.787.377,0.253774944,1,FALSE,FALSE
272,ASV540,NA,1,1,FALSE,FALSE
273,ASV541,326.710.327.458.637,0.219378067,1,FALSE,TRUE
274,ASV545,748.625.601.244.883,0.029414129,1,FALSE,TRUE
275,ASV548,197.815.997.344.483,0.001015637,0.632394314,FALSE,TRUE
276,ASV553,623.092.297.040.653,0.034978628,1,FALSE,TRUE
277,ASV557,191.976.683.461.742,0.432848623,1,FALSE,TRUE
278,ASV558,152.942.382.366.685,0.581118738,1,FALSE,FALSE
279,ASV562,659.075.359.916.627,0.006639023,1,FALSE,FALSE
280,ASV563,897.425.859.181.738,0.018069235,1,FALSE,FALSE
281,ASV565,NA,1,1,FALSE,TRUE
282,ASV570,141.244.208.449.433,0.003350532,1,FALSE,TRUE
283,ASV571,112.345.237.804.246,0.743051894,1,FALSE,FALSE
284,ASV572,0.703212958,0.971416872,1,FALSE,TRUE
285,ASV573,126.310.230.461.481,0.009515935,1,FALSE,FALSE
286,ASV575,219.855.001.469.671,0.31461226,1,FALSE,TRUE
287,ASV577,36.636.336.543.205,0.000867188,0.545461225,FALSE,FALSE
288,ASV583,130.595.493.672.523,0.123515402,1,FALSE,TRUE
289,ASV584,280.358.592.927.156,0.00027218,0.178550011,FALSE,FALSE
290,ASV585,NA,1,1,FALSE,FALSE
291,ASV587,18.423.271.827.956,0.001315957,0.810629306,FALSE,FALSE
292,ASV588,42.882.631.448.459,0.108496527,1,FALSE,TRUE
293,ASV590,960.959.955.628.707,0.014924115,1,FALSE,TRUE
294,ASV592,618.554.052.304.794,0.03169249,1,FALSE,FALSE
295,ASV593,122.245.552.681.362,0.023756068,1,FALSE,FALSE
296,ASV596,110.732.541.720.686,0.029118571,1,FALSE,FALSE
297,ASV600,NA,1,1,FALSE,FALSE
298,ASV602,648.541.817.422.095,3.76E+08,0.002641638,TRUE,FALSE
299,ASV604,NA,1,1,FALSE,FALSE
300,ASV606,102.412.698.896.175,0.007599312,1,FALSE,TRUE
301,ASV608,578.696.656.364.138,0.065721817,1,FALSE,FALSE
302,ASV610,429.842.718.728.944,0.000105065,0.070603988,FALSE,TRUE
303,ASV615,105.756.797.355.521,0.005483949,1,FALSE,TRUE
304,ASV616,278.558.180.217.294,0.000163237,0.108879077,FALSE,TRUE
305,ASV618,503.312.104.107.777,0.056099744,1,FALSE,TRUE
306,ASV620,364.387.635.561.744,2.21E+08,0.001555404,TRUE,TRUE
307,ASV623,NA,1,1,FALSE,FALSE
308,ASV626,14.896.393.997.942,0.002790884,1,FALSE,FALSE
309,ASV627,212.775.183.435.247,0.002118682,1,FALSE,FALSE
310,ASV629,4.696.520.509.083,0.142256985,1,FALSE,FALSE
311,ASV630,NA,1,1,FALSE,FALSE
312,ASV631,211.188.580.594.343,0.432696771,1,FALSE,TRUE
313,ASV633,NA,1,1,FALSE,FALSE
314,ASV635,199.536.406.634.377,0.002567629,1,FALSE,TRUE
315,ASV638,0.455988772,0.707255563,1,FALSE,TRUE
316,ASV645,0.120255064,0.22408556,1,FALSE,TRUE
317,ASV653,150.650.660.172.105,0.003875402,1,FALSE,TRUE
318,ASV654,226.201.090.626.003,0.309453596,1,FALSE,FALSE
319,ASV655,596.199.461.724.753,0.000219915,0.145364095,FALSE,TRUE
320,ASV658,205.847.542.647.468,0.396207996,1,FALSE,FALSE
321,ASV659,105.585.080.790.814,0.021664968,1,FALSE,TRUE
322,ASV660,130.094.884.705.698,0.701697542,1,FALSE,TRUE
323,ASV661,185.167.463.844.832,0.005420807,1,FALSE,FALSE
324,ASV662,626.702.535.630.087,0.046077767,1,FALSE,FALSE
325,ASV664,311.878.174.104.803,0.235721325,1,FALSE,FALSE
326,ASV667,304.717.464.693.811,0.000362591,0.235321447,FALSE,FALSE
327,ASV669,136.989.792.557.763,0.003717703,1,FALSE,FALSE
328,ASV673,153.598.780.770.437,0.523991027,1,FALSE,TRUE
329,ASV683,0.466080519,0.708772382,1,FALSE,TRUE
330,ASV685,0.53425518,0.792803987,1,FALSE,TRUE
331,ASV687,0.47439128,0.718197907,1,FALSE,FALSE
332,ASV691,NA,1,1,FALSE,FALSE
333,ASV692,217.618.434.987.145,0.368188678,1,FALSE,FALSE
334,ASV693,239.919.133.492.842,0.343089641,1,FALSE,FALSE
335,ASV694,707.001.244.197.645,0.034093966,1,FALSE,FALSE
336,ASV695,NA,1,1,FALSE,FALSE
337,ASV696,NA,1,1,FALSE,FALSE
338,ASV705,202.015.863.559.139,0.008048955,1,FALSE,FALSE
339,ASV706,25.961.745.082.941,0.000219661,0.145364095,FALSE,FALSE
340,ASV709,477.494.589.437.104,0.070033883,1,FALSE,TRUE
341,ASV710,108.676.707.807.361,0.010478478,1,FALSE,FALSE
342,ASV713,162.311.791.755.955,0.024069134,1,FALSE,FALSE
343,ASV715,203.640.496.326.312,0.65867367,1,FALSE,TRUE
344,ASV724,566.986.441.468.892,0.045194492,1,FALSE,TRUE
345,ASV725,298.199.372.715.914,0.202958983,1,FALSE,TRUE
346,ASV729,681.923.646.225.137,0.037366594,1,FALSE,FALSE
347,ASV730,139.240.093.118.133,0.018079319,1,FALSE,FALSE
348,ASV731,NA,1,1,FALSE,FALSE
349,ASV732,903.074.465.607.387,0.017757958,1,FALSE,FALSE
350,ASV736,33.729.272.785.261,0.000252671,0.166510505,FALSE,FALSE
351,ASV738,391.800.985.860.168,0.103812468,1,FALSE,FALSE
352,ASV739,0.686260804,0.92195824,1,FALSE,FALSE
353,ASV746,0.563518957,0.827447879,1,FALSE,TRUE
354,ASV753,NA,1,1,FALSE,FALSE
355,ASV755,263.012.884.449.817,0.004439665,1,FALSE,TRUE
356,ASV757,745.517.007.919.362,0.089485217,1,FALSE,TRUE
357,ASV758,337.906.070.752.815,0.276488515,1,FALSE,TRUE
358,ASV759,478.697.709.933.584,0.076745271,1,FALSE,TRUE
359,ASV763,432.240.368.340.959,0.200136151,1,FALSE,FALSE
360,ASV764,NA,1,1,FALSE,FALSE
361,ASV767,491.667.082.062.936,0.055131043,1,FALSE,TRUE
362,ASV770,106.381.926.503.224,0.003666015,1,FALSE,FALSE
363,ASV773,543.728.024.218.504,0.089905516,1,FALSE,FALSE
364,ASV775,172.608.937.410.559,0.511549859,1,FALSE,TRUE
365,ASV784,893.280.110.006.295,0.009921934,1,FALSE,FALSE
366,ASV787,312.876.099.066.394,0.213921724,1,FALSE,TRUE
367,ASV788,756.499.420.776.589,1.27E+09,0.008803071,TRUE,TRUE
368,ASV790,2.064.042.297.846,0.00138892,0.850097673,FALSE,FALSE
369,ASV797,165.376.625.445.835,0.023279843,1,FALSE,FALSE
370,ASV798,110.124.905.595.813,0.005937253,1,FALSE,FALSE
371,ASV807,101.807.356.484.745,0.034515876,1,FALSE,FALSE
372,ASV809,759.399.225.217.996,0.061055192,1,FALSE,TRUE
373,ASV810,214.135.826.690.276,0.001227457,0.757341141,FALSE,TRUE
374,ASV815,595.123.322.516.157,0.180644461,1,FALSE,FALSE
375,ASV817,7.298.039.604.653,0.065770636,1,FALSE,FALSE
376,ASV826,902.048.326.386.484,0.014158634,1,FALSE,FALSE
377,ASV828,979.381.904.174.726,0.142538829,1,FALSE,TRUE
378,ASV829,0.310747934,0.514979767,1,FALSE,TRUE
379,ASV835,444.319.030.861.028,0.130953283,1,FALSE,TRUE
380,ASV836,0.282158526,0.472732536,1,FALSE,TRUE
381,ASV839,14.147.480.768.492,0.686076666,1,FALSE,TRUE
382,ASV841,443.490.941.492.833,0.156055125,1,FALSE,TRUE
383,ASV846,475.261.850.438.606,0.099356654,1,FALSE,TRUE
384,ASV847,426.464.475.839.623,0.091566404,1,FALSE,TRUE
385,ASV851,603.148.409.466.518,0.073302096,1,FALSE,FALSE
386,ASV853,954.824.375.815.441,0.059987133,1,FALSE,TRUE
387,ASV860,570.040.198.438.596,0.067911659,1,FALSE,FALSE
388,ASV863,175.489.166.331.266,0.567407621,1,FALSE,FALSE
389,ASV874,0.896458729,0.929638632,1,FALSE,TRUE
390,ASV875,453.974.760.499.129,0.108872877,1,FALSE,TRUE
391,ASV880,705.362.276.509.593,0.024563601,1,FALSE,FALSE
392,ASV883,129.537.351.183.246,0.006197384,1,FALSE,FALSE
393,ASV886,0.652740747,0.92068702,1,FALSE,TRUE
394,ASV888,358.891.590.438.945,0.000918138,0.575672714,FALSE,FALSE
395,ASV894,0.23908607,0.40828313,1,FALSE,TRUE
396,ASV899,146.937.169.386.715,0.006245154,1,FALSE,FALSE
397,ASV904,382.285.727.950.603,0.014672781,1,FALSE,TRUE
398,ASV910,NA,1,1,FALSE,FALSE
399,ASV914,364.620.229.735.104,0.232614687,1,FALSE,TRUE
400,ASV915,185.385.202.880.193,0.018964949,1,FALSE,TRUE
401,ASV918,127.356.097.336.682,0.021813754,1,FALSE,FALSE
402,ASV932,351.189.216.506.518,0.000974927,0.608354228,FALSE,TRUE
403,ASV938,NA,1,1,FALSE,FALSE
404,ASV955,115.751.563.906.736,0.017440306,1,FALSE,FALSE
405,ASV960,181.526.269.252.276,0.01019628,1,FALSE,TRUE
406,ASV962,861.923.118.800.394,0.047939458,1,FALSE,TRUE
407,ASV963,226.028.777.321.654,0.320363465,1,FALSE,TRUE
408,ASV964,905.925.242.458.075,0.04350665,1,FALSE,FALSE
409,ASV968,139.511.606.297.716,0.636037491,1,FALSE,TRUE
410,ASV969,366.840.753.861.836,0.182107301,1,FALSE,TRUE
411,ASV971,524.145.796.988.214,0.081231522,1,FALSE,TRUE
412,ASV972,136.995.442.835.591,0.011595244,1,FALSE,FALSE
413,ASV975,NA,1,1,FALSE,FALSE
414,ASV982,361.691.720.829.009,0.186391738,1,FALSE,FALSE
415,ASV990,919.174.874.772.047,0.105097834,1,FALSE,TRUE
416,ASV994,149.940.105.855.422,0.653284794,1,FALSE,TRUE
417,ASV995,11.091.744.765.185,0.007455213,1,FALSE,TRUE
418,ASV1001,NA,1,1,FALSE,FALSE
419,ASV1011,0.68873252,0.815679821,1,FALSE,TRUE
420,ASV1012,224.272.366.321.265,0.031392656,1,FALSE,FALSE
421,ASV1013,111.291.031.464.669,0.046410887,1,FALSE,FALSE
422,ASV1015,22.293.855.614.081,0.340007983,1,FALSE,FALSE
423,ASV1025,231.614.486.926.616,0.082776493,1,FALSE,TRUE
424,ASV1035,NA,1,1,FALSE,FALSE
425,ASV1036,768.013.441.598.006,0.230411178,1,FALSE,TRUE
426,ASV1049,228.530.768.192.673,0.012951786,1,FALSE,FALSE
427,ASV1050,204.411.727.569.111,0.00784045,1,FALSE,TRUE
428,ASV1054,69.110.780.717.169,0.000455443,0.293305268,FALSE,FALSE
429,ASV1063,134.945.795.102.176,0.063279851,1,FALSE,TRUE
430,ASV1067,206.649.336.593.197,0.545512559,1,FALSE,TRUE
431,ASV1078,245.586.712.485.385,0.011341678,1,FALSE,FALSE
432,ASV1080,NA,1,1,FALSE,FALSE
433,ASV1084,195.900.087.894.681,0.037936018,1,FALSE,FALSE
434,ASV1086,100.282.304.098.215,0.024419539,1,FALSE,FALSE
435,ASV1091,147.701.132.600.327,0.02844579,1,FALSE,TRUE
436,ASV1099,NA,1,1,FALSE,TRUE
437,ASV1108,143.981.736.348.432,0.016837616,1,FALSE,TRUE
438,ASV1110,418.384.018.681.155,0.20920568,1,FALSE,TRUE
439,ASV1112,215.795.700.135.423,0.088575646,1,FALSE,FALSE
440,ASV1116,499.909.506.149.616,0.009944215,1,FALSE,FALSE
441,ASV1127,118.752.648.740.455,0.016405884,1,FALSE,FALSE
442,ASV1136,446.608.693.739.853,NA,1,FALSE,NA
443,ASV1138,174.124.492.384.233,0.10862216,1,FALSE,FALSE
444,ASV1139,409.211.515.810.167,0.001590841,0.968821943,FALSE,FALSE
445,ASV1147,30.087.845.103.652,0.003260175,1,FALSE,TRUE
446,ASV1148,NA,1,1,FALSE,TRUE
447,ASV1150,71.203.102.298.884,0.145171893,1,FALSE,FALSE
448,ASV1151,1.260.069.476.909,0.069391475,1,FALSE,TRUE
449,ASV1152,250.221.949.200.157,0.324175379,1,FALSE,TRUE
450,ASV1155,0.332686696,0.519069958,1,FALSE,TRUE
451,ASV1160,517.058.147.082.941,0.155589841,1,FALSE,TRUE
452,ASV1162,61.131.873.753.257,0.048946061,1,FALSE,TRUE
453,ASV1163,679.961.693.133.152,0.074940635,1,FALSE,FALSE
454,ASV1172,403.062.871.476.025,0.136885934,1,FALSE,TRUE
455,ASV1177,596.399.189.244.756,0.126132896,1,FALSE,TRUE
456,ASV1189,363.397.641.769.906,0.000886949,0.557003786,FALSE,FALSE
457,ASV1190,97.475.580.209.502,0.026068303,1,FALSE,TRUE
458,ASV1197,137.147.654.423.386,0.007579041,1,FALSE,FALSE
459,ASV1200,867.475.981.566.857,0.000262657,0.172828185,FALSE,FALSE
460,ASV1205,856.398.370.990.785,0.20911788,1,FALSE,TRUE
461,ASV1212,555.977.690.123.658,0.071673216,1,FALSE,FALSE
462,ASV1214,586.372.659.714.178,0.097696825,1,FALSE,FALSE
463,ASV1215,375.970.037.991.303,0.201602611,1,FALSE,TRUE
464,ASV1220,678.565.230.695.715,0.057626789,1,FALSE,FALSE
465,ASV1227,13.239.209.822.097,0.064931522,1,FALSE,TRUE
466,ASV1229,820.968.870.851.125,0.121439207,1,FALSE,TRUE
467,ASV1238,NA,1,1,FALSE,FALSE
468,ASV1239,142.606.266.241.519,0.004604763,1,FALSE,FALSE
469,ASV1241,394.819.393.039.832,0.001730708,1,FALSE,FALSE
470,ASV1243,851.262.201.752.464,0.072388218,1,FALSE,TRUE
471,ASV1246,269.475.186.997.397,0.024215882,1,FALSE,TRUE
472,ASV1251,NA,1,1,FALSE,TRUE
473,ASV1265,32.531.884.981.758,0.470235448,1,FALSE,TRUE
474,ASV1266,193.772.323.573.663,0.008828747,1,FALSE,FALSE
475,ASV1268,787.209.937.373.459,0.158889374,1,FALSE,TRUE
476,ASV1275,46.222.368.266.135,0.00018507,0.122886708,FALSE,FALSE
477,ASV1282,236.819.850.888.175,0.005634736,1,FALSE,TRUE
478,ASV1288,450.815.946.531.725,0.631940113,1,FALSE,TRUE
479,ASV1290,311.694.598.165.095,0.019676777,1,FALSE,FALSE
480,ASV1291,161.848.217.157.776,0.024192007,1,FALSE,FALSE
481,ASV1299,553.103.334.718.068,0.197078001,1,FALSE,TRUE
482,ASV1311,602.352.477.934.176,0.124268081,1,FALSE,TRUE
483,ASV1315,NA,1,1,FALSE,FALSE
484,ASV1319,NA,1,1,FALSE,FALSE
485,ASV1322,52.512.151.576.359,0.194234907,1,FALSE,TRUE
486,ASV1329,37.448.984.709.306,0.1759817,1,FALSE,TRUE
487,ASV1331,775.174.050.163.202,0.228525971,1,FALSE,TRUE
488,ASV1348,681.748.822.109.051,0.25583665,1,FALSE,TRUE
489,ASV1350,489.454.149.925.916,0.227223251,1,FALSE,TRUE
490,ASV1351,NA,1,1,FALSE,FALSE
491,ASV1357,37.145.948.157.737,0.052430208,1,FALSE,FALSE
492,ASV1368,NA,1,1,FALSE,FALSE
493,ASV1370,532.310.319.197.556,0.115460217,1,FALSE,TRUE
494,ASV1375,920.281.171.039.922,0.104934925,1,FALSE,TRUE
495,ASV1376,427.322.855.396.178,0.215085384,1,FALSE,TRUE
496,ASV1378,145.755.165.610.895,0.669194915,1,FALSE,FALSE
497,ASV1380,258.122.132.380.114,0.025741363,1,FALSE,FALSE
498,ASV1385,255.103.945.709.012,0.56321537,1,FALSE,TRUE
499,ASV1389,NA,1,1,FALSE,FALSE
500,ASV1395,120.415.520.531.972,0.073733393,1,FALSE,TRUE
501,ASV1398,124.128.327.760.151,0.070801676,1,FALSE,TRUE
502,ASV1405,607.341.098.495.503,0.55159409,1,FALSE,TRUE
503,ASV1407,854.271.327.504.433,0.209583998,1,FALSE,TRUE
504,ASV1408,145.574.118.890.787,0.669896283,1,FALSE,TRUE
505,ASV1414,686.544.838.683.357,0.254276667,1,FALSE,TRUE
506,ASV1415,141.095.758.867.465,0.687602343,1,FALSE,TRUE
507,ASV1422,850.714.905.007.547,0.049169172,1,FALSE,FALSE
508,ASV1423,546.283.902.294.172,0.110461307,1,FALSE,FALSE
509,ASV1432,945.642.931.412.921,0.101312568,1,FALSE,FALSE
510,ASV1433,NA,1,1,FALSE,FALSE
511,ASV1441,920.411.495.474.002,0.104915762,1,FALSE,FALSE
512,ASV1445,198.653.410.682.959,0.50338355,1,FALSE,TRUE
513,ASV1447,125.423.419.455.453,0.037828688,1,FALSE,FALSE
514,ASV1451,339.070.114.179.607,0.241096842,1,FALSE,TRUE
515,ASV1457,905.702.833.658.678,0.043527585,1,FALSE,TRUE
516,ASV1459,276.753.990.544.267,0.000508606,0.326525129,FALSE,FALSE
517,ASV1468,285.480.562.942.682,0.339426928,1,FALSE,FALSE
518,ASV1469,NA,1,1,FALSE,FALSE
519,ASV1471,652.136.601.273.109,0.080853581,1,FALSE,TRUE
520,ASV1489,112.237.426.961.182,0.413030249,1,FALSE,TRUE
521,ASV1511,10.560.649.058.161,0.425230778,1,FALSE,TRUE
522,ASV1526,3.014.529.616.577,0.318148284,1,FALSE,TRUE
523,ASV1530,NA,1,1,FALSE,TRUE
524,ASV1531,123.762.186.249.963,NA,1,FALSE,NA
525,ASV1534,159.753.600.234.899,0.348415559,1,FALSE,TRUE
526,ASV1538,413.067.744.690.748,0.657192702,1,FALSE,TRUE
527,ASV1541,102.868.579.917.096,0.023021143,1,FALSE,FALSE
528,ASV1542,361.322.469.718.887,0.317778541,1,FALSE,TRUE
529,ASV1544,175.205.026.470.551,0.568267333,1,FALSE,FALSE
530,ASV1554,491.142.140.295.606,0.167477026,1,FALSE,FALSE
531,ASV1556,685.982.805.323.916,0.521292124,1,FALSE,TRUE
532,ASV1562,31.401.320.894.938,0.007170719,1,FALSE,TRUE
533,ASV1568,356.643.552.538.667,0.005639348,1,FALSE,FALSE
534,ASV1569,NA,1,1,FALSE,FALSE
535,ASV1572,686.771.549.596.097,0.254203396,1,FALSE,TRUE
536,ASV1585,13.393.129.440.054,NA,1,FALSE,NA
537,ASV1598,989.718.772.866.368,0.000784674,0.498267833,FALSE,FALSE
538,ASV1599,263.944.741.525.866,0.43626797,1,FALSE,TRUE
539,ASV1609,974.515.043.772.588,NA,1,FALSE,NA
540,ASV1625,233.116.969.121.923,0.005839002,1,FALSE,FALSE
541,ASV1630,250.030.962.096.514,0.353498663,1,FALSE,FALSE
542,ASV1647,182.359.234.125.284,0.445149711,1,FALSE,TRUE
543,ASV1649,NA,1,1,FALSE,FALSE
544,ASV1650,136.108.720.929.991,0.011781931,1,FALSE,TRUE
545,ASV1662,383.389.086.185.579,NA,1,FALSE,NA
546,ASV1681,417.860.339.935.383,0.012901648,1,FALSE,TRUE
547,ASV1693,0.007812229,0.015503342,1,FALSE,FALSE
548,ASV1698,487.958.213.881.982,0.60973444,1,FALSE,TRUE
549,ASV1716,134.147.159.012.049,0.063788796,1,FALSE,TRUE
550,ASV1727,17.804.227.641.076,0.043319979,1,FALSE,FALSE
551,ASV1729,179.642.159.741.679,0.010432592,1,FALSE,FALSE
552,ASV1730,79.924.553.459.076,0.040654594,1,FALSE,FALSE
553,ASV1732,398.534.599.448.776,0.401175766,1,FALSE,FALSE
554,ASV1736,7.198.412.033.641,0.067472754,1,FALSE,FALSE
555,ASV1742,NA,1,1,FALSE,TRUE
556,ASV1747,NA,1,1,FALSE,TRUE
557,ASV1767,121.068.056.139.744,0.040200608,1,FALSE,FALSE
558,ASV1768,62.603.405.556.572,0.117244933,1,FALSE,FALSE
559,ASV1771,119.012.321.229.601,0.401589713,1,FALSE,TRUE
560,ASV1794,590.075.317.499.968,0.03332915,1,FALSE,FALSE
561,ASV1801,107.559.587.048.261,0.170126491,1,FALSE,TRUE
562,ASV1806,NA,1,1,FALSE,FALSE
563,ASV1807,101.533.891.458.037,NA,1,FALSE,NA
564,ASV1816,467.752.008.638.922,0.621518559,1,FALSE,TRUE
565,ASV1827,647.623.621.262.799,0.081873685,1,FALSE,TRUE
566,ASV1829,358.178.854.586.548,0.699986633,1,FALSE,TRUE
567,ASV1843,324.834.962.321.875,0.249472156,1,FALSE,FALSE
568,ASV1845,839.139.213.519.433,0.118108392,1,FALSE,TRUE
569,ASV1846,687.157.734.068.325,NA,1,FALSE,NA
570,ASV1859,0.432877321,0.632710594,1,FALSE,TRUE
571,ASV1868,739.487.466.819.427,0.090637518,1,FALSE,TRUE
572,ASV1874,NA,1,1,FALSE,FALSE
573,ASV1882,371.509.901.447.509,0.005219207,1,FALSE,FALSE
574,ASV1894,31.454.730.965.305,0.740692674,1,FALSE,TRUE
575,ASV1908,176.197.650.471.952,0.500071397,1,FALSE,TRUE
576,ASV1911,239.871.905.758.028,0.372112007,1,FALSE,TRUE
577,ASV1912,368.803.591.865.184,0.247266526,1,FALSE,TRUE
578,ASV1917,384.604.772.787.312,0.001840634,1,FALSE,FALSE
579,ASV1929,302.693.370.388.089,0.063960422,1,FALSE,TRUE
580,ASV1942,103.954.038.854.206,0.052067727,1,FALSE,TRUE
581,ASV1953,NA,1,1,FALSE,TRUE
582,ASV1961,51.661.821.202.063,0.037978178,1,FALSE,FALSE
583,ASV1968,NA,1,1,FALSE,FALSE
584,ASV1988,341.741.198.829.017,0.272587702,1,FALSE,TRUE
585,ASV1992,103.811.089.431.347,0.089718379,1,FALSE,TRUE
586,ASV1998,175.891.268.530.721,0.044054248,1,FALSE,FALSE
587,ASV2001,578.798.670.362.266,0.033967468,1,FALSE,FALSE
588,ASV2019,NA,1,1,FALSE,TRUE
589,ASV2028,624.932.368.319.049,0.17032217,1,FALSE,TRUE
590,ASV2034,NA,1,1,FALSE,TRUE
591,ASV2038,330.383.145.208.731,NA,1,FALSE,NA
592,ASV2067,601.634.683.860.313,0.285048622,1,FALSE,TRUE
593,ASV2071,876.005.668.830.189,0.204916843,1,FALSE,TRUE
594,ASV2083,229.227.604.165.214,0.292210596,1,FALSE,TRUE
595,ASV2092,NA,1,1,FALSE,TRUE
596,ASV2093,123.411.073.664.968,0.071352736,1,FALSE,TRUE
597,ASV2094,0.031906382,0.060912542,1,FALSE,FALSE
598,ASV2126,107.659.123.557.719,0.888379639,1,FALSE,TRUE
599,ASV2136,691.391.777.595.748,0.519387048,1,FALSE,TRUE
600,ASV2151,616.541.073.432.772,0.279118682,1,FALSE,TRUE
601,ASV2164,0.828536244,0.962266732,1,FALSE,TRUE
602,ASV2166,346.741.829.140.833,0.710004338,1,FALSE,TRUE
603,ASV2169,NA,1,1,FALSE,FALSE
604,ASV2171,NA,1,1,FALSE,TRUE
605,ASV2196,385.171.678.090.083,0.014514342,1,FALSE,TRUE
606,ASV2198,148.525.579.393.408,0.623360835,1,FALSE,TRUE
607,ASV2199,198.814.879.257.082,0.095778615,1,FALSE,TRUE
608,ASV2201,878.359.853.823.949,0.464148362,1,FALSE,TRUE
609,ASV2202,668.325.567.313.604,0.527660197,1,FALSE,TRUE
610,ASV2213,NA,1,1,FALSE,TRUE
611,ASV2227,507.298.958.217.139,0.599060773,1,FALSE,TRUE
612,ASV2229,602.974.522.582.441,NA,1,FALSE,NA
613,ASV2230,0.974780982,0.835468518,1,FALSE,TRUE
614,ASV2231,142.008.935.754.097,0.030479795,1,FALSE,TRUE
615,ASV2234,707.047.072.930.348,0.146440051,1,FALSE,TRUE
616,ASV2236,191.977.222.351.255,0.099021067,1,FALSE,TRUE
617,ASV2258,331.842.895.927.381,0.006462379,1,FALSE,FALSE
618,ASV2262,120.245.290.522.068,0.073872646,1,FALSE,TRUE
619,ASV2276,NA,1,1,FALSE,TRUE
620,ASV2287,694.919.644.150.572,0.251597758,1,FALSE,FALSE
621,ASV2294,610.554.784.662.582,0.175174598,1,FALSE,TRUE
622,ASV2295,121.184.517.558.666,NA,1,FALSE,NA
623,ASV2301,775.379.007.151.985,0.043421927,1,FALSE,FALSE
624,ASV2303,726.996.084.569.089,0.241839114,1,FALSE,TRUE
625,ASV2307,NA,1,1,FALSE,TRUE
626,ASV2316,1.584.811.952.788,0.112161064,1,FALSE,TRUE
627,ASV2324,315.206.734.061.994,0.740023667,1,FALSE,TRUE
628,ASV2338,738.417.131.814.438,0.503659432,1,FALSE,TRUE
629,ASV2343,NA,1,1,FALSE,FALSE
630,ASV2344,611.328.591.072.135,0.281164011,1,FALSE,TRUE
631,ASV2363,0.933246975,0.965471031,1,FALSE,TRUE
632,ASV2373,NA,1,1,FALSE,TRUE
633,ASV2374,NA,1,1,FALSE,TRUE
634,ASV2375,NA,1,1,FALSE,FALSE
635,ASV2379,262.921.342.452.184,0.27321928,1,FALSE,TRUE
636,ASV2384,NA,1,1,FALSE,FALSE
637,ASV2387,412.424.970.529.762,0.657649295,1,FALSE,FALSE
638,ASV2401,543.513.497.216.637,0.00880271,1,FALSE,TRUE
639,ASV2413,46.017.226.629.698,0.01121735,1,FALSE,FALSE
640,ASV2415,240.439.791.206.173,0.829825813,1,FALSE,TRUE
641,ASV2419,395.031.323.041.043,0.223598043,1,FALSE,TRUE
642,ASV2424,188.628.919.065.617,0.039985976,1,FALSE,FALSE
643,ASV2439,40.709.735.972.843,0.004385673,1,FALSE,TRUE
644,ASV2444,369.064.705.759.155,0.015436907,1,FALSE,FALSE
645,ASV2503,NA,1,1,FALSE,TRUE
646,ASV2504,275.243.507.044.979,0.354207378,1,FALSE,TRUE
647,ASV2512,NA,1,1,FALSE,FALSE
648,ASV2518,NA,1,1,FALSE,TRUE
649,ASV2523,0.929279481,0.963343559,1,FALSE,TRUE
650,ASV2528,NA,1,1,FALSE,FALSE
651,ASV2539,24.752.260.946.421,0.463579404,1,FALSE,FALSE
652,ASV2558,351.715.441.297.295,0.055292082,1,FALSE,TRUE
653,ASV2559,511.866.808.997.206,0.009607616,1,FALSE,FALSE
654,ASV2567,176.086.895.072.627,0.940540071,1,FALSE,FALSE
655,ASV2568,264.738.810.065.397,0.272297265,1,FALSE,TRUE
656,ASV2576,NA,1,1,FALSE,FALSE
657,ASV2593,396.995.723.279.783,0.40241795,1,FALSE,FALSE
658,ASV2624,598.972.143.204.922,0.555139296,1,FALSE,TRUE
659,ASV2631,167.173.948.949.086,0.022834904,1,FALSE,FALSE
660,ASV2658,229.577.787.672.299,0.496839023,1,FALSE,TRUE
661,ASV2670,283.067.076.609.034,0.301248828,1,FALSE,TRUE
662,ASV2693,178.066.666.781.109,0.618334851,1,FALSE,TRUE
663,ASV2695,159.666.917.749.471,0.348507252,1,FALSE,TRUE
664,ASV2696,214.812.696.829.952,0.869051665,1,FALSE,TRUE
665,ASV2699,NA,1,1,FALSE,TRUE
666,ASV2719,545.580.570.776.561,0.309798667,1,FALSE,TRUE
667,ASV2737,133.429.627.351.847,0.85678927,1,FALSE,FALSE
668,ASV2739,128.177.182.363.586,0.387525323,1,FALSE,TRUE
669,ASV2751,30.906.761.246.161,0.37355272,1,FALSE,TRUE
670,ASV2753,NA,1,1,FALSE,TRUE
671,ASV2758,NA,1,1,FALSE,FALSE
672,ASV2759,439.589.230.469.028,0.63914452,1,FALSE,TRUE
673,ASV2771,501.762.994.474.507,0.332356761,1,FALSE,FALSE
674,ASV2797,144.281.622.835.962,0.366025906,1,FALSE,TRUE
675,ASV2826,945.146.429.000.379,0.191360746,1,FALSE,TRUE
676,ASV2834,298.738.503.562.218,0.757294928,1,FALSE,TRUE
677,ASV2854,192.937.683.118.184,0.017643508,1,FALSE,FALSE
678,ASV2896,119.301.612.740.794,0.154677112,1,FALSE,TRUE
679,ASV2903,191.695.519.513.362,0.318873012,1,FALSE,TRUE
680,ASV2929,278.135.189.046.098,0.780707937,1,FALSE,TRUE
681,ASV2934,NA,1,1,FALSE,TRUE
682,ASV2936,186.485.288.856.274,0.323182094,1,FALSE,TRUE
683,ASV2939,672.347.696.594.491,0.526189105,1,FALSE,TRUE
684,ASV2940,948.649.064.920.027,0.44751598,1,FALSE,TRUE
685,ASV2955,NA,1,1,FALSE,FALSE
686,ASV2974,NA,1,1,FALSE,FALSE
687,ASV2983,0.987119791,0.840309709,1,FALSE,TRUE
688,ASV2991,596.781.642.162.252,0.287033969,1,FALSE,FALSE
689,ASV2992,NA,1,1,FALSE,TRUE
690,ASV3065,276.148.662.891.754,0.266714721,1,FALSE,TRUE
691,ASV3091,0.487126036,0.57659432,1,FALSE,TRUE
692,ASV3111,314.123.511.026.317,0.367465466,1,FALSE,TRUE
693,ASV3116,949.754.390.318.321,0.020838665,1,FALSE,FALSE
694,ASV3138,565.362.328.534.476,0.570098036,1,FALSE,TRUE
695,ASV3148,155.195.079.367.509,0.987259967,1,FALSE,TRUE
696,ASV3232,112.442.173.692.525,0.941432657,1,FALSE,TRUE
697,ASV3241,623.913.081.660.795,0.544769838,1,FALSE,TRUE
698,ASV3255,NA,1,1,FALSE,TRUE
699,ASV3265,0.752862863,0.913412386,1,FALSE,TRUE
700,ASV3297,395.528.564.442.417,0.403609427,1,FALSE,TRUE
701,ASV3323,359.311.534.849.556,0.699017432,1,FALSE,TRUE
702,ASV3338,NA,1,1,FALSE,TRUE
703,ASV3364,271.327.002.296.582,0.538608824,1,FALSE,FALSE
704,ASV3398,255.509.011.925.401,0.277079007,1,FALSE,TRUE
705,ASV3437,179.141.528.051.605,0.615308427,1,FALSE,TRUE
706,ASV3452,NA,1,1,FALSE,FALSE
707,ASV3473,122.450.519.273.812,0.396135892,1,FALSE,TRUE
708,ASV3501,506.939.210.001.877,0.599254219,1,FALSE,TRUE
709,ASV3527,240.485.755.491.542,0.285431467,1,FALSE,TRUE
710,ASV3535,NA,1,1,FALSE,TRUE
711,ASV3554,472.847.828.253.005,NA,1,FALSE,NA
712,ASV3561,NA,1,1,FALSE,TRUE
713,ASV3597,791.696.246.111.342,0.487458113,1,FALSE,TRUE
714,ASV3598,NA,1,1,FALSE,TRUE
715,ASV3702,115.206.751.570.292,0.407897053,1,FALSE,TRUE
716,ASV3733,791.422.506.127.655,0.487537399,1,FALSE,TRUE
717,ASV3737,NA,1,1,FALSE,FALSE
718,ASV3757,556.103.129.296.444,0.188796375,1,FALSE,FALSE
719,ASV3763,NA,1,1,FALSE,FALSE
720,ASV3952,422.702.061.300.634,NA,1,FALSE,NA
721,ASV3958,NA,1,1,FALSE,FALSE
722,ASV3973,263.647.863.252.321,0.549982607,1,FALSE,TRUE
723,ASV3995,NA,1,1,FALSE,TRUE
724,ASV4053,117.914.929.812.748,NA,1,FALSE,NA
725,ASV4072,NA,1,1,FALSE,TRUE
726,ASV4167,60.267.036.599.639,0.284628483,1,FALSE,TRUE
727,ASV4463,451.167.418.924.785,0.043368198,1,FALSE,FALSE
728,ASV4655,NA,1,1,FALSE,TRUE
729,ASV4749,NA,1,1,FALSE,FALSE
730,ASV4889,869.743.063.854.368,0.069908668,1,FALSE,FALSE
731,ASV4976,364.975.237.159.792,0.694230847,1,FALSE,TRUE
732,ASV5116,NA,1,1,FALSE,TRUE
733,ASV5119,252.723.635.557.005,0.454628027,1,FALSE,TRUE
734,ASV5526,122.535.648.204.337,0.396003661,1,FALSE,FALSE
735,ASV6884,120.820.303.415.747,0.398693939,1,FALSE,FALSE
736,ASV7427,172.499.325.038.308,0.335673182,1,FALSE,TRUE
737,ASV7852,NA,1,1,FALSE,FALSE
