,taxon,lfc_MicrocompartmentPhyllosphere,lfc_MicrocompartmentRhizosphere,se_MicrocompartmentPhyllosphere,se_MicrocompartmentRhizosphere,W_MicrocompartmentPhyllosphere,W_MicrocompartmentRhizosphere,p_MicrocompartmentPhyllosphere,p_MicrocompartmentRhizosphere,q_MicrocompartmentPhyllosphere,q_MicrocompartmentRhizosphere,diff_MicrocompartmentPhyllosphere,diff_MicrocompartmentRhizosphere,passed_ss_MicrocompartmentPhyllosphere,passed_ss_MicrocompartmentRhizosphere
1,ASV5,-0.413350883,416.959.056.142.328,0.446697599,0.529687583,-0.925348343,787.179.215.258.445,0.374639772,7.61E+08,1,6.89E+09,FALSE,TRUE,FALSE,FALSE
2,ASV6,-0.222252169,-12.947.923.559.993,0.367833287,0.356346691,-0.604219838,-363.351.867.011.237,0.55056237,0.001112061,1,0.010056306,FALSE,TRUE,TRUE,FALSE
3,ASV7,-0.772706315,378.091.739.541.604,0.435996971,0.546019694,-177.227.450.268.849,692.450.736.691.107,0.104008314,2.51E+09,0.836533128,0.000226567,FALSE,TRUE,FALSE,FALSE
4,ASV8,-102.626.863.980.565,319.471.600.531.635,0.42262125,0.527983264,-242.834.130.856.648,605.079.028.373.521,0.041308998,0.000305647,0.33224599,0.002763947,FALSE,TRUE,TRUE,FALSE
5,ASV9,-0.419923202,-152.566.390.885.296,0.415170425,0.379731545,-101.144.777.509.275,-401.774.340.264.479,0.322325058,0.000538289,1,0.004867717,FALSE,TRUE,TRUE,TRUE
6,ASV10,0.239514665,-110.307.408.003.574,0.380386986,0.377348457,0.629660514,-292.322.403.883.314,0.536415717,0.008721629,1,0.078869206,FALSE,FALSE,TRUE,TRUE
7,ASV11,-131.947.643.877.421,-0.048773966,0.276596055,0.369924337,-477.040.945.832.087,-0.131848492,2.14E+09,0.895719139,0.000193446,1,TRUE,FALSE,TRUE,TRUE
8,ASV14,-122.912.215.353.349,0.046692129,0.29100749,0.368160087,-422.367.875.749.856,0.126825615,0.000130345,0.899698376,0.001178703,1,TRUE,FALSE,FALSE,TRUE
9,ASV15,-135.792.179.846.203,0.061995967,0.278924572,0.359190128,-486.841.939.692.489,0.172599307,2.00E+09,0.863882424,0.000180938,1,TRUE,FALSE,FALSE,TRUE
10,ASV17,0.194429664,0.202278745,0.254138803,0.299555974,0.765053043,0.675261931,1,1,1,1,FALSE,FALSE,FALSE,FALSE
11,ASV20,-27.714.864.443.151,-157.241.835.705.015,0.399089548,0.440002791,-694.452.275.511.528,-357.365.541.345.019,2.80E+07,0.00146709,2.53E+08,0.011799725,TRUE,TRUE,TRUE,TRUE
12,ASV21,0.140602734,0.141405252,0.25022339,0.293687281,0.561908836,0.481482383,1,1,1,1,FALSE,FALSE,FALSE,FALSE
13,ASV23,-0.719388448,0.041564871,0.281903449,0.320673607,-255.189.658.442.331,0.129617373,0.014977309,0.897571249,0.135438982,1,FALSE,FALSE,FALSE,TRUE
14,ASV24,0.110557837,0.124992562,0.253900599,0.301490001,0.435437479,0.414582779,1,1,1,1,FALSE,FALSE,FALSE,FALSE
15,ASV25,-28.645.087.420.094,-133.357.523.553.958,0.393021192,0.428629455,-728.843.330.285.549,-311.125.430.230.766,4.77E+07,0.005502585,4.31E+08,0.044256989,TRUE,TRUE,TRUE,TRUE
16,ASV26,-165.088.047.160.117,-108.765.699.368.561,0.348571601,0.418117342,-473.613.016.055.924,-260.131.997.770.219,4.57E+09,0.014108613,0.000413223,0.113474792,TRUE,FALSE,TRUE,FALSE
17,ASV28,-111.253.392.959.689,-0.818323772,0.345059352,0.374353838,-322.418.135.763.163,-21.859.633.561.395,1,1,1,1,FALSE,FALSE,TRUE,TRUE
18,ASV30,-170.658.820.076.715,-0.861800698,0.340335079,0.383836131,-50.144.352.069.553,-224.523.078.431.291,1.91E+08,0.031792658,0.000172315,0.255706596,TRUE,FALSE,FALSE,FALSE
19,ASV31,-0.642076954,-0.078649596,0.272811559,0.3112367,-235.355.479.696.176,-0.252700261,1,1,1,1,FALSE,FALSE,TRUE,TRUE
20,ASV32,-0.38579212,0.657798746,0.315244435,0.36941077,-12.237.872.485.212,178.067.018.986.162,1,1,1,1,FALSE,FALSE,TRUE,FALSE
21,ASV33,-0.114756772,406.838.792.067.221,0.339497453,0.371804493,-0.338019537,109.422.774.581.082,0.746861906,3.46E+09,1,0.000312745,FALSE,TRUE,TRUE,FALSE
22,ASV34,-642.784.914.147.257,-336.136.392.325.408,0.338611549,0.370703876,-189.829.589.822.584,-906.751.760.478.443,2.80E+07,4.06E+09,2.53E+07,0.0003268,TRUE,TRUE,FALSE,FALSE
23,ASV38,-0.678791134,-0.013151374,0.282556153,0.320026332,-240.232.295.804.709,-0.041094662,1,1,1,1,FALSE,FALSE,TRUE,TRUE
24,ASV39,120.492.449.324.109,0.097447378,0.289918754,0.324750389,415.607.641.247.407,0.300068549,0.000331529,0.766605816,0.002997996,1,TRUE,FALSE,TRUE,FALSE
25,ASV40,-218.504.202.523.556,103.460.899.664.137,0.374938464,0.461452064,-58.277.350.364.522,224.207.253.186.402,0.000392573,0.055246501,0.003550018,0.44434456,TRUE,FALSE,TRUE,TRUE
26,ASV41,0.612735118,102.387.972.425.535,0.302842601,0.348603136,202.327.914.460.486,29.370.926.927.843,0.054318473,0.007202626,0.436880482,0.065132951,FALSE,FALSE,TRUE,TRUE
27,ASV42,-140.663.437.347.513,0.555480032,0.298225974,0.301147295,-47.166.729.087.263,184.454.597.845.452,5.18E+09,0.074998447,0.000468372,0.603208366,TRUE,FALSE,FALSE,TRUE
28,ASV43,-0.294990219,0.261518917,0.30400566,0.350303621,-0.970344499,0.746549283,1,1,1,1,FALSE,FALSE,TRUE,FALSE
29,ASV45,-180.802.012.381.491,-0.709526556,0.34393716,0.395025285,-525.683.274.622.282,-179.615.478.657.154,1.37E+09,0.083268496,0.000124307,0.669723912,TRUE,FALSE,TRUE,TRUE
30,ASV50,-0.111951696,-0.198512466,0.269325204,0.284136244,-0.415674783,-0.69865239,1,1,1,1,FALSE,FALSE,TRUE,TRUE
31,ASV51,-103.462.812.070.159,-0.700793152,0.359875962,0.393276387,-287.495.756.465.242,-178.193.549.098.157,1,1,1,1,FALSE,FALSE,TRUE,TRUE
32,ASV54,-426.466.964.752.151,-185.752.429.063.825,0.328858229,0.365109646,-129.681.098.721.802,-508.757.933.849.146,5.22E+06,0.000350795,4.72E+07,0.002821423,TRUE,TRUE,TRUE,FALSE
33,ASV55,0.330111241,0.078837516,0.277679083,0.300506987,118.882.285.661.254,0.262348362,1,1,1,1,FALSE,FALSE,FALSE,TRUE
34,ASV56,-0.003861687,-0.39253921,0.293419424,0.313556345,-0.013160981,-125.189.369.369.769,1,1,1,1,FALSE,FALSE,FALSE,FALSE
35,ASV58,-117.759.959.200.737,0.302424846,0.300561055,0.345844506,-391.800.458.415.876,0.874453232,0.000549563,0.38958371,0.004969664,1,TRUE,FALSE,TRUE,FALSE
36,ASV60,-0.502861773,-0.419433037,0.317836463,0.361545735,-158.213.997.070.963,-116.011.059.346.493,1,1,1,1,FALSE,FALSE,TRUE,TRUE
37,ASV61,-437.576.562.803.998,0.303028533,0.341476123,0.374526714,-12.814.265.282.528,0.809097246,1.39E+09,0.449345098,0.000125464,1,TRUE,FALSE,FALSE,TRUE
38,ASV63,-0.268922587,0.408506286,0.319240084,0.372180845,-0.842383523,10.976.015.871.845,1,1,1,1,FALSE,FALSE,TRUE,FALSE
39,ASV65,-399.931.073.140.122,-0.038907018,0.34145609,0.375777751,-117.125.183.996.042,-0.103537312,2.34E+09,0.920910558,0.000211292,1,TRUE,FALSE,FALSE,TRUE
40,ASV66,-0.906849066,-0.654114964,0.366668584,0.403019767,-247.321.178.871.158,-162.303.444.343.132,1,1,1,1,FALSE,FALSE,TRUE,TRUE
41,ASV67,0.147840561,0.649096308,0.316697621,0.335564298,0.466819298,193.434.257.504.882,1,1,1,1,FALSE,FALSE,FALSE,FALSE
42,ASV72,0.329961856,-0.3186365,0.279758941,0.310663158,117.945.061.849.811,-102.566.555.370.769,1,1,1,1,FALSE,FALSE,FALSE,FALSE
43,ASV77,-419.797.877.292.988,0.012549696,0.342066007,0.3736792,-122.724.231.373.907,0.033584144,1.78E+09,0.974298132,0.000161241,1,TRUE,FALSE,FALSE,TRUE
44,ASV79,-148.094.914.805.441,-0.776670423,0.351831955,0.389516596,-420.925.140.197.433,-199.393.409.942.205,0.000289017,0.057175664,0.002613567,0.459860712,TRUE,FALSE,TRUE,TRUE
45,ASV80,-465.423.789.215.828,-337.258.180.313.247,0.339081854,0.412489803,-13.726.001.093.725,-817.615.800.898.104,0.000163216,0.001218537,0.00147595,0.009800626,TRUE,TRUE,FALSE,FALSE
46,ASV82,0.646462684,107.376.678.695.865,0.312428462,0.331909017,206.915.426.051.626,323.512.387.917.333,1,1,1,1,FALSE,FALSE,FALSE,FALSE
47,ASV83,0.985488091,0.909264811,0.312400006,0.328741509,315.457.129.465.751,276.589.595.460.046,0.006136055,0.013776192,0.055488011,0.110801149,FALSE,FALSE,TRUE,TRUE
48,ASV89,-111.184.202.903.341,-126.022.487.833.176,0.376448345,0.391688501,-295.350.489.186.362,-321.741.606.828.954,1,1,1,1,FALSE,FALSE,FALSE,FALSE
49,ASV91,0.060749719,141.770.180.175.364,0.320804878,0.341633376,0.189366569,414.977.546.847.142,0.853254413,0.001617067,1,0.014623051,FALSE,TRUE,TRUE,TRUE
50,ASV92,-149.300.004.681.486,0.635092231,0.299418785,0.319811431,-498.632.724.966.509,198.583.343.227.777,5.45E+09,0.059652935,0.000492459,0.479785259,TRUE,FALSE,TRUE,TRUE
51,ASV93,0.368974939,0.179368242,0.309380956,0.318538584,119.262.330.533.465,0.56309738,1,1,1,1,FALSE,FALSE,FALSE,FALSE
52,ASV97,-0.530255194,-0.375660096,0.334614314,0.366724622,-158.467.576.347.498,-102.436.562.300.791,1,1,1,1,FALSE,FALSE,TRUE,TRUE
53,ASV99,-108.515.863.932.231,-0.570246341,0.320691425,0.36083362,-338.380.933.605.008,-158.035.811.773.214,0.002453253,0.127115564,0.022184631,1,TRUE,FALSE,FALSE,TRUE
54,ASV100,-110.194.988.719.441,-0.620245366,0.322218625,0.359205634,-341.988.265.694.652,-172.671.391.416.496,0.002077868,0.096084102,0.018790043,0.772799126,TRUE,FALSE,FALSE,TRUE
55,ASV103,0.65701317,103.852.697.222.267,0.31805214,0.338205867,20.657.404.480.854,307.069.472.412.366,0.052765049,0.00629266,0.424386377,0.05690418,FALSE,FALSE,TRUE,TRUE
56,ASV108,-468.468.881.035.016,-305.540.342.982.777,0.340525762,0.413946866,-137.572.228.978.734,-738.114.883.582.979,0.000831149,0.00514187,0.007516031,0.041355778,TRUE,TRUE,FALSE,FALSE
57,ASV109,111.545.481.459.416,0.986009427,0.310873558,0.329499306,358.813.023.737.782,299.244.766.070.676,0.002266548,0.008185413,0.020496265,0.065834822,TRUE,FALSE,TRUE,TRUE
58,ASV110,-0.44785377,-0.603041076,0.312775308,0.347381352,-14.318.706.061.246,-173.596.271.472.098,1,1,1,1,FALSE,FALSE,TRUE,TRUE
59,ASV111,-0.393938299,0.967557008,0.322068901,0.343547345,-12.231.491.382.972,281.637.166.192.988,1,1,1,1,FALSE,FALSE,TRUE,FALSE
60,ASV114,0.669455014,0.294053774,0.305210433,0.313960517,219.342.113.496.882,0.936594757,1,1,1,1,FALSE,FALSE,FALSE,FALSE
61,ASV115,NA,NA,NA,NA,NA,NA,1,1,1,1,FALSE,FALSE,TRUE,FALSE
62,ASV117,0.578922458,0.017616177,0.294321812,0.31381975,196.697.096.653.895,0.056134698,1,1,1,1,FALSE,FALSE,FALSE,FALSE
63,ASV120,-374.521.361.206.183,-0.398525008,0.355443147,0.394765012,-105.367.444.717.506,-100.952.464.397.223,2.31E+08,0.339092392,2.09E+09,1,TRUE,FALSE,TRUE,TRUE
64,ASV121,-0.625155759,-0.515771348,0.335598658,0.344858102,-186.280.768.277.066,-149.560.455.186.785,1,1,1,1,FALSE,FALSE,TRUE,FALSE
65,ASV122,-0.514301817,189.557.086.426.292,0.341935373,0.388437217,-150.409.070.919.138,487.999.291.364.583,1,1,1,1,FALSE,FALSE,TRUE,TRUE
66,ASV123,-152.720.600.502.639,-0.634110818,0.34925398,0.364085473,-437.276.621.739.308,-174.165.371.701.867,0.000204708,0.094373795,0.001851165,0.75904322,TRUE,FALSE,TRUE,TRUE
67,ASV125,133.459.796.833.711,114.188.381.862.391,0.3279744,0.334670055,406.921.384.213.536,341.196.890.072.051,0.000892372,0.003568877,0.008069668,0.028704283,TRUE,TRUE,TRUE,TRUE
68,ASV126,NA,NA,NA,NA,NA,NA,1,1,1,1,FALSE,FALSE,FALSE,FALSE
69,ASV129,-0.123008955,0.677564186,0.325380642,0.341518199,-0.378046322,198.397.680.803.676,1,1,1,1,FALSE,FALSE,FALSE,FALSE
70,ASV130,-869.081.076.041.159,-248.265.713.232.623,0.33945993,0.372295767,-256.018.752.282.665,-666.850.755.417.981,2.34E+07,0.000550316,2.12E+08,0.004426159,TRUE,TRUE,FALSE,FALSE
71,ASV131,-11.868.157.208.799,-0.638743231,0.315034249,0.354523519,-376.725.935.690.155,-180.169.494.316.914,0.00085529,0.083201658,0.007734342,0.669186339,TRUE,FALSE,FALSE,FALSE
72,ASV133,-0.202164561,-0.359639202,0.335763294,0.393065885,-0.602104413,-0.914959084,1,1,1,1,FALSE,FALSE,TRUE,TRUE
73,ASV135,-0.442263128,-0.38009303,0.30808232,0.324981632,-143.553.556.857.326,-116.958.311.369.804,1,1,1,1,FALSE,FALSE,FALSE,FALSE
74,ASV138,0.874158051,0.956899034,0.30580659,0.328795342,285.853.242.045.571,291.031.809.588.792,0.009711052,0.008652332,0.078105453,0.078105453,FALSE,FALSE,TRUE,TRUE
75,ASV139,-209.601.388.834.944,-0.329691383,0.363696291,0.392094075,-576.308.843.050.473,-0.840847653,0.000422612,0.424850569,0.003821658,1,TRUE,FALSE,TRUE,TRUE
76,ASV140,-156.579.712.417.784,-0.483162672,0.35694986,0.379292869,-438.660.243.449.535,-127.385.118.702.036,0.002328111,0.238476171,0.021052975,1,TRUE,FALSE,FALSE,TRUE
77,ASV141,-0.396273519,-0.360436583,0.334731812,0.362465557,-118.385.377.458.191,-0.994402298,1,1,1,1,FALSE,FALSE,TRUE,TRUE
78,ASV143,0.403217985,-0.128232727,0.305837229,0.326446328,131.840.713.576.291,-0.39281412,1,1,1,1,FALSE,FALSE,FALSE,TRUE
79,ASV144,-169.366.894.150.797,-0.522437872,0.344149411,0.362427497,-492.131.873.344.512,-144.149.623.387.624,0.00011011,0.166616614,0.000995715,1,TRUE,FALSE,TRUE,FALSE
80,ASV146,-0.069207137,-0.161378242,0.320109309,0.336306858,-0.216198451,-0.479854151,1,1,1,1,FALSE,FALSE,FALSE,FALSE
81,ASV148,-0.203319927,161.855.506.255.685,0.329864864,0.349534835,-0.616373398,463.059.730.222.975,0.550190879,0.000727699,1,0.006580542,FALSE,TRUE,TRUE,TRUE
82,ASV149,-0.084500456,0.183545171,0.350424947,0.352554041,-0.2411371,0.520615708,1,1,1,1,FALSE,FALSE,TRUE,TRUE
83,ASV150,0.036502925,0.893428605,0.310906911,0.33221108,0.117407891,268.934.018.036.592,0.907912823,0.015516341,1,0.140313418,FALSE,FALSE,FALSE,TRUE
84,ASV152,-0.276689129,-0.235670728,0.298573032,0.322371188,-0.926705024,-0.731053943,1,1,1,1,FALSE,FALSE,TRUE,TRUE
85,ASV153,-110.468.463.486.997,0.722108191,0.320614549,0.340634139,-344.552.247.413.186,211.989.377.485.981,1,1,1,1,FALSE,FALSE,TRUE,FALSE
86,ASV154,-140.862.602.255.565,107.694.954.856.292,0.342157487,0.385676159,-411.689.375.416.051,279.236.744.218.405,1,1,1,1,FALSE,FALSE,TRUE,TRUE
87,ASV156,-0.936462494,-115.698.474.924.178,0.332554734,0.379610938,-281.596.500.708.016,-304.781.720.495.584,0.011898597,0.007273068,0.095699759,0.065769953,FALSE,FALSE,TRUE,FALSE
88,ASV157,-0.624023126,-0.239510816,0.343697033,0.38446375,-181.561.976.463.355,-0.62297373,1,1,1,1,FALSE,FALSE,TRUE,TRUE
89,ASV158,-0.772322328,-0.115752993,0.306895173,0.324596824,-251.656.720.623.549,-0.356605438,1,1,1,1,FALSE,FALSE,TRUE,TRUE
90,ASV159,-201.786.402.786.128,-0.697862083,0.327820963,0.352678957,-615.538.435.049.587,-197.874.602.088.815,4.16E+08,0.061108503,3.76E+09,0.491492317,TRUE,FALSE,FALSE,TRUE
91,ASV161,-0.969989411,-0.48137148,0.321584889,0.373909314,-301.627.795.797.871,-128.740.168.082.396,0.0063503,0.211333949,0.057425414,1,FALSE,FALSE,FALSE,TRUE
92,ASV162,-0.528040259,-0.452108721,0.321116074,0.364061356,-164.439.061.859.796,-124.184.760.143.807,1,1,1,1,FALSE,FALSE,FALSE,TRUE
93,ASV164,-138.839.533.342.512,-171.046.589.417.886,0.374322278,0.392548479,-370.909.084.138.773,-435.733.670.115.622,0.009980334,0.0047843,0.080271272,0.043264157,FALSE,TRUE,TRUE,TRUE
94,ASV165,0.719549644,0.225983509,0.319007164,0.339539834,225.559.086.152.564,0.665558165,1,1,1,1,FALSE,FALSE,FALSE,FALSE
95,ASV166,-0.465520194,-0.732140422,0.313640791,0.334114626,-14.842.463.367.764,-219.128.516.211.501,1,1,1,1,FALSE,FALSE,FALSE,FALSE
96,ASV172,-0.484588403,-0.087941764,0.306856478,0.321815718,-157.920.212.584.133,-0.273267461,1,1,1,1,FALSE,FALSE,TRUE,TRUE
97,ASV173,-0.607102579,-0.291945621,0.308205244,0.323322195,-196.979.963.693.175,-0.902955707,1,1,1,1,FALSE,FALSE,TRUE,TRUE
98,ASV174,-176.577.380.718.277,-102.775.050.688.329,0.342840903,0.362231643,-515.041.756.425.434,-283.727.423.337.493,8.01E+09,0.011375797,0.000724239,0.09149491,TRUE,FALSE,TRUE,TRUE
99,ASV183,0.031523147,-0.040141881,0.343377644,0.360684474,0.091803143,-0.111293621,1,1,1,1,FALSE,FALSE,TRUE,FALSE
100,ASV185,-0.071623869,-0.316787821,0.311320508,0.330788089,-0.23006473,-0.957676023,1,1,1,1,FALSE,FALSE,FALSE,FALSE
101,ASV186,-204.450.229.347.967,-112.405.595.195.491,0.357011787,0.376574322,-572.670.810.268.723,-298.495.114.264.936,0.001230058,0.024479417,0.011123342,0.196886597,TRUE,FALSE,TRUE,TRUE
102,ASV187,-0.818327656,-0.684221493,0.350705243,0.357587443,-233.337.731.034.917,-191.343.825.554.188,1,1,1,1,FALSE,FALSE,TRUE,TRUE
103,ASV188,-0.368577453,-0.202785621,0.339434875,0.357907241,-108.585.616.883.063,-0.566587086,1,1,1,1,FALSE,FALSE,TRUE,TRUE
104,ASV189,-0.824076057,0.519599576,0.317233682,0.333708241,-259.769.407.489.755,155.704.748.163.824,0.018769351,0.137879277,0.169730206,1,FALSE,FALSE,FALSE,TRUE
105,ASV193,-0.428095075,-0.554294646,0.310342408,0.337791258,-137.942.822.078.331,-164.093.840.041.366,1,1,1,1,FALSE,FALSE,TRUE,TRUE
106,ASV196,NA,NA,NA,NA,NA,NA,1,1,1,1,FALSE,FALSE,TRUE,FALSE
107,ASV197,0.759532558,1.334.443.341.611,0.316818791,0.33744182,239.737.218.895.637,395.458.790.709.534,0.031024663,0.001438734,0.24952965,0.01301039,FALSE,TRUE,FALSE,TRUE
108,ASV198,-0.504841623,0.522532659,0.318539497,0.337423024,-158.486.350.169.397,154.859.811.730.209,1,1,1,1,FALSE,FALSE,FALSE,FALSE
109,ASV199,0.586477619,0.293635419,0.296355857,0.327356726,197.896.415.443.549,0.896989113,1,1,1,1,FALSE,FALSE,FALSE,TRUE
110,ASV200,-22.055.779.920.642,-304.567.776.429.616,0.348244399,0.355646411,-633.341.985.162.668,-85.637.803.969.921,0.0007249,0.000139179,0.005830333,0.001258586,TRUE,TRUE,FALSE,FALSE
111,ASV203,-0.419756293,-0.54978784,0.310778603,0.329606474,-135.066.020.776.279,-166.801.286.889.841,1,1,1,1,FALSE,FALSE,FALSE,FALSE
112,ASV205,NA,NA,NA,NA,NA,NA,1,1,1,1,FALSE,FALSE,FALSE,FALSE
113,ASV207,-0.855604327,-0.489598889,0.298614524,0.321642701,-28.652.468.583.847,-152.218.249.365.879,0.008749273,0.141594576,0.079119197,1,FALSE,FALSE,FALSE,TRUE
114,ASV209,-18.126.504.761.594,-121.823.760.092.682,0.371695367,0.41021536,-487.670.989.426.659,-296.975.130.901.219,0.000201288,0.009542437,0.001820236,0.076749291,TRUE,FALSE,FALSE,FALSE
115,ASV211,NA,NA,NA,NA,NA,NA,1,1,1,1,FALSE,FALSE,TRUE,FALSE
116,ASV215,0.017922906,0.278950994,0.325932817,0.346104221,0.054989572,0.805973974,1,1,1,1,FALSE,FALSE,TRUE,FALSE
117,ASV221,-0.654040601,-0.275059765,0.308983641,0.325828033,-211.674.831.386.461,-0.844186922,1,1,1,1,FALSE,FALSE,TRUE,TRUE
118,ASV224,-306.687.563.386.063,0.079418159,0.347263876,0.380321684,-883.154.235.586.066,0.208818382,0.000907333,0.844792859,0.008204963,1,TRUE,FALSE,FALSE,TRUE
119,ASV226,NA,NA,NA,NA,NA,NA,1,1,1,1,FALSE,FALSE,FALSE,FALSE
120,ASV228,-0.214508325,-0.124841367,0.331154696,0.34113336,-0.647758669,-0.365960594,1,1,1,1,FALSE,FALSE,FALSE,TRUE
121,ASV229,0.553439896,0.580034163,0.313095629,0.332194738,176.763.852.772.793,17.460.666.819.362,1,1,1,1,FALSE,FALSE,TRUE,FALSE
122,ASV230,-0.700682348,-0.594161832,0.309961159,0.328200483,-226.054.887.421.089,-181.036.245.652.478,1,1,1,1,FALSE,FALSE,TRUE,FALSE
123,ASV232,-0.660463728,-0.402932596,0.330798221,0.363488572,-199.657.581.847.953,-110.851.516.887.287,1,1,1,1,FALSE,FALSE,FALSE,TRUE
124,ASV233,-0.56251871,-0.659501641,0.340835272,0.363671055,-16.504.122.535.712,-181.345.650.926.813,1,1,1,1,FALSE,FALSE,TRUE,TRUE
125,ASV242,218.853.769.207.247,253.550.686.016.792,0.317419365,0.33443479,689.478.315.975.855,758.146.860.882.858,5.11E+08,1.66E+08,4.11E+09,1.50E+09,TRUE,TRUE,TRUE,TRUE
126,ASV244,-0.955715536,-0.540413985,0.311106757,0.348237294,-307.198.578.967.901,-155.185.557.066.984,1,1,1,1,FALSE,FALSE,TRUE,TRUE
127,ASV245,-0.883718173,-0.299569367,0.338828664,0.382111845,-260.815.647.349.926,-0.783983463,0.0243374,0.449602315,0.220081766,1,FALSE,FALSE,FALSE,TRUE
128,ASV246,-137.437.147.932.852,-0.518007984,0.337391085,0.367004484,-407.352.636.081.484,-141.144.865.184.235,0.001139585,0.179949196,0.0103052,1,TRUE,FALSE,FALSE,TRUE
129,ASV248,-0.866235206,-124.705.814.102,0.315932562,0.337580933,-274.183.579.326.893,-369.410.123.422.667,0.015132654,0.00216509,0.121711101,0.01957879,FALSE,TRUE,FALSE,FALSE
130,ASV249,-160.220.680.960.804,-0.367332684,0.320813605,0.340532023,-499.419.845.159.649,-107.870.232.298.085,0.00016016,0.297761799,0.00144832,1,TRUE,FALSE,TRUE,TRUE
131,ASV250,0.985933398,107.970.433.243.909,0.327921676,0.337768059,300.661.245.971.366,31.965.850.639.254,1,1,1,1,FALSE,FALSE,FALSE,FALSE
132,ASV253,0.478488647,0.299743445,0.321571254,0.338532076,148.797.083.251.289,0.885421105,1,1,1,1,FALSE,FALSE,FALSE,FALSE
133,ASV254,-0.436077479,-0.17846685,0.312366615,0.32882802,-139.604.380.884.088,-0.542736139,1,1,1,1,FALSE,FALSE,TRUE,TRUE
134,ASV255,0.339075533,0.778916879,0.306938693,0.328690257,110.470.117.134.319,236.975.956.271.133,1,1,1,1,FALSE,FALSE,TRUE,TRUE
135,ASV257,0.130487706,0.402583816,0.311305403,0.3388585,0.419162998,118.805.877.961.571,1,1,1,1,FALSE,FALSE,TRUE,TRUE
136,ASV259,-210.303.845.625.471,-0.091040277,0.315627136,0.33591232,-666.304.705.275.517,-0.271023929,2.26E+08,0.789295174,2.04E+09,1,TRUE,FALSE,TRUE,FALSE
137,ASV260,-0.147233047,0.219520351,0.326276802,0.334222851,-0.451251963,0.656808324,1,1,1,1,FALSE,FALSE,FALSE,FALSE
138,ASV261,-134.717.580.747,-157.371.542.008.184,0.355167588,0.383837718,-379.307.080.442.782,-409.994.992.206.799,0.009040815,0.006357725,0.072714779,0.057492552,FALSE,FALSE,FALSE,FALSE
139,ASV262,-132.742.422.143.385,-0.617137241,0.316773459,0.336917097,-419.045.277.770.159,-183.171.838.788.376,0.000787955,0.086924272,0.007125435,0.699127124,TRUE,FALSE,FALSE,TRUE
140,ASV263,NA,NA,NA,NA,NA,NA,1,1,1,1,FALSE,FALSE,FALSE,FALSE
141,ASV264,-0.513529512,0.595932107,0.31061892,0.330379702,-16.532.460.804.221,180.377.942.180.339,1,1,1,1,FALSE,FALSE,TRUE,TRUE
142,ASV266,-0.447636781,-0.799037065,0.316727472,0.33598312,-14.133.184.549.994,-237.820.597.813.354,1,1,1,1,FALSE,FALSE,FALSE,FALSE
143,ASV267,-268.128.429.371.397,-20.055.366.742.078,0.336460109,0.362713404,-796.910.012.017.846,-55.292.598.834.028,9.34E+08,0.000878921,0.000844872,0.007069115,TRUE,TRUE,FALSE,TRUE
144,ASV269,NA,NA,NA,NA,NA,NA,1,1,1,1,FALSE,FALSE,FALSE,FALSE
145,ASV270,-169.483.344.890.583,-117.772.321.310.236,0.335158555,0.368677138,-505.681.093.733.013,-319.445.686.530.935,0.000683993,0.010928096,0.006185308,0.087894075,TRUE,FALSE,TRUE,FALSE
146,ASV271,-0.045640604,-0.401769716,0.330040166,0.359264806,-0.138288029,-111.831.080.865.775,1,1,1,1,FALSE,FALSE,TRUE,TRUE
147,ASV272,0.607775718,0.719236808,0.316283431,0.3359018,19.216.173.148.023,214.121.153.237.065,1,1,1,1,FALSE,FALSE,FALSE,FALSE
148,ASV275,-0.836402522,-0.598937885,0.314728871,0.344092886,-265.753.351.276.037,-174.062.850.157.136,0.017202701,0.100941462,0.155563079,0.811866603,FALSE,FALSE,FALSE,TRUE
149,ASV277,0.112960898,-0.143712087,0.348213814,0.37303053,0.324400966,-0.385255564,1,1,1,1,FALSE,FALSE,TRUE,FALSE
150,ASV280,-258.370.592.494.056,-160.315.679.589.539,0.354341496,0.377337876,-72.915.702.919.867,-424.859.760.611.421,1,1,1,1,FALSE,FALSE,TRUE,TRUE
151,ASV282,-0.166312391,-0.071578964,0.332596139,0.349121714,-0.50004306,-0.205025816,1,1,1,1,FALSE,FALSE,TRUE,TRUE
152,ASV285,NA,NA,NA,NA,NA,NA,1,1,1,1,FALSE,FALSE,TRUE,FALSE
153,ASV286,-106.693.696.891.211,-175.509.796.287.408,0.347278795,0.364511335,-307.227.790.589.681,-481.493.384.383.193,1,1,1,1,FALSE,FALSE,TRUE,TRUE
154,ASV287,-150.473.672.817.929,-156.344.138.507.771,0.331636792,0.353639804,-453.730.335.360.429,-442.099.946.741.038,0.000464829,0.000580871,0.004203427,0.004671915,TRUE,TRUE,FALSE,TRUE
155,ASV288,-0.290235127,0.247156415,0.313662006,0.335498796,-0.92531171,0.736683464,1,1,1,1,FALSE,FALSE,TRUE,TRUE
156,ASV292,-0.327215695,0.407836906,0.318486966,0.336856496,-102.740.686.455.576,121.071.409.171.971,1,1,1,1,FALSE,FALSE,TRUE,TRUE
157,ASV293,-0.52162593,-0.684132776,0.328906206,0.349211458,-158.594.128.178.729,-195.907.883.596.478,1,1,1,1,FALSE,FALSE,FALSE,FALSE
158,ASV294,-0.833724673,0.331527757,0.321876275,0.342352909,-25.902.023.146.231,0.968380139,0.023649089,0.351967766,0.21385741,1,FALSE,FALSE,FALSE,FALSE
159,ASV295,NA,NA,NA,NA,NA,NA,1,1,1,1,FALSE,FALSE,FALSE,FALSE
160,ASV297,-0.790081313,-0.401528473,0.326736697,0.363594958,-241.809.787.523.479,-110.432.904.538.731,1,1,1,1,FALSE,FALSE,TRUE,TRUE
161,ASV302,-0.492929292,0.154498276,0.32593394,0.342057563,-151.235.950.499.502,0.451673322,1,1,1,1,FALSE,FALSE,TRUE,TRUE
162,ASV303,-18.348.658.855.622,0.572743079,0.340888991,0.370335582,-538.259.062.567.054,154.655.157.817.321,1,1,1,1,FALSE,FALSE,FALSE,TRUE
163,ASV306,-129.245.310.742.173,-0.984102827,0.332165025,0.354756915,-389.099.697.708.634,-277.402.013.498.176,0.003004677,0.019651267,0.027171127,0.158054055,TRUE,FALSE,FALSE,FALSE
164,ASV307,-1.018.002.824.255,-1.520.207.956.843,0.35679278,0.361125846,-285.320.466.812.523,-420.963.488.417.069,0.021373491,0.002957345,0.171905805,0.026743104,FALSE,TRUE,FALSE,FALSE
165,ASV308,-0.463780932,-0.461322528,0.32485651,0.347329614,-14.276.485.706.641,-132.819.808.637.462,1,1,1,1,FALSE,FALSE,TRUE,TRUE
166,ASV309,-0.410855456,-0.442570988,0.318466807,0.334263864,-129.010.448.575.946,-132.401.685.115.017,1,1,1,1,FALSE,FALSE,TRUE,TRUE
167,ASV311,-117.399.752.904.432,-0.707358114,0.324257723,0.338066858,-362.056.920.998.285,-209.236.160.585.349,0.003107224,0.056591381,0.028098451,0.455161351,TRUE,FALSE,FALSE,TRUE
168,ASV314,0.411569761,0.787368424,0.321364639,0.338131178,128.069.398.642.571,23.285.886.521.515,1,1,1,1,FALSE,FALSE,FALSE,FALSE
169,ASV316,178.262.005.616.241,141.522.450.364.669,0.32397648,0.334859237,55.023.131.743.329,422.632.661.510.062,6.08E+09,0.000732898,0.000549718,0.005894659,TRUE,TRUE,TRUE,TRUE
170,ASV317,-211.354.145.673.905,-0.236965662,0.343427307,0.380247316,-615.426.151.453.328,-0.623188255,0.0016474,0.56048171,0.014897344,1,TRUE,FALSE,FALSE,TRUE
171,ASV318,-218.426.427.386.767,-155.412.520.757.341,0.326495635,0.361747072,-669.002.596.789.907,-429.616.526.883.255,3.42E+09,0.001264044,0.00030942,0.010166637,TRUE,TRUE,FALSE,FALSE
172,ASV322,0.64661465,119.809.884.001.643,0.344385839,0.371165493,187.758.779.991.829,322.793.703.286.774,1,1,1,1,FALSE,FALSE,TRUE,TRUE
173,ASV324,0.017298237,-0.172322476,0.360837877,0.36878678,0.047939084,-0.467268583,1,1,1,1,FALSE,FALSE,TRUE,TRUE
174,ASV325,-118.385.928.736.945,-0.356393115,0.325907597,0.345415537,-3.632.499.824.007,-103.178.078.815.762,0.002456399,0.318524915,0.022213077,1,TRUE,FALSE,FALSE,TRUE
175,ASV326,-15.380.026.409.937,-0.806465911,0.318283563,0.34697223,-483.217.740.705.164,-232.429.526.731.843,0.000266001,0.035666571,0.002405429,0.286864263,TRUE,FALSE,TRUE,FALSE
176,ASV327,0.092913638,123.035.253.340.335,0.342720319,0.379801835,0.271106301,323.945.916.114.768,1,1,1,1,FALSE,FALSE,TRUE,TRUE
177,ASV328,0.012345692,-0.081267034,0.314342114,0.335877507,0.0392747,-0.241954381,1,1,1,1,FALSE,FALSE,TRUE,TRUE
178,ASV330,-0.347952235,-0.319433447,0.321574144,0.354431518,-108.202.802.330.104,-0.901255759,1,1,1,1,FALSE,FALSE,TRUE,FALSE
179,ASV332,-0.759432357,-0.696079128,0.324412909,0.343774641,-234.094.370.573.549,-202.481.231.842.772,1,1,1,1,FALSE,FALSE,TRUE,TRUE
180,ASV333,-0.845769858,-0.858743281,0.326626391,0.347451425,-258.941.065.903.856,-247.154.917.224.382,1,1,1,1,FALSE,FALSE,TRUE,TRUE
181,ASV334,0.139223556,0.149428554,0.320845425,0.338604434,0.433927198,0.441307139,1,1,1,1,FALSE,FALSE,FALSE,FALSE
182,ASV335,-0.364630076,-0.388322154,0.326999728,0.353425826,-111.507.761.471.358,-109.873.734.551.595,1,1,1,1,FALSE,FALSE,TRUE,TRUE
183,ASV338,-0.628428319,-0.414166907,0.322217786,0.342884207,-195.032.163.017.177,-120.789.146.273.998,1,1,1,1,FALSE,FALSE,TRUE,TRUE
184,ASV341,0.27402729,-0.032494991,0.325123792,0.350017104,0.842839856,-0.092838294,1,1,1,1,FALSE,FALSE,FALSE,FALSE
185,ASV342,-127.260.366.028.225,-104.437.120.162.478,0.376664667,0.411497042,-337.861.172.603.777,-253.797.985.347.696,0.008144896,0.031816063,0.073653848,0.255894839,FALSE,FALSE,FALSE,FALSE
186,ASV345,0.410127641,0.350278809,0.327487363,0.342553781,125.234.646.272.524,102.255.128.476.525,1,1,1,1,FALSE,FALSE,FALSE,FALSE
187,ASV348,0.43413271,0.204969554,0.339296822,0.367159832,127.950.715.214.132,0.55825702,1,1,1,1,FALSE,FALSE,FALSE,FALSE
188,ASV351,0.205671871,0.985620546,0.335695266,0.355594276,0.612674326,277.175.593.614.807,1,1,1,1,FALSE,FALSE,FALSE,TRUE
189,ASV355,0.305704885,0.285790438,0.328817226,0.349188964,0.929710675,0.818440638,1,1,1,1,FALSE,FALSE,FALSE,TRUE
190,ASV357,-0.29981467,0.044777457,0.327072937,0.355066847,-0.916659976,0.126109936,1,1,1,1,FALSE,FALSE,TRUE,TRUE
191,ASV359,0.891697371,0.733681028,0.359934051,0.376240555,247.739.097.641.049,195.003.174.890.447,1,1,1,1,FALSE,FALSE,TRUE,FALSE
192,ASV361,-118.677.286.299.809,-0.683800394,0.330660105,0.35580464,-358.910.206.117.095,-192.184.226.104.684,1,1,1,1,FALSE,FALSE,TRUE,FALSE
193,ASV364,-0.731997152,-0.744232389,0.316821085,0.345223814,-231.044.329.873.705,-215.579.679.070.139,1,1,1,1,FALSE,FALSE,TRUE,TRUE
194,ASV370,0.568233349,0.848463943,0.321197561,0.343393832,176.910.853.872.484,247.081.881.674.762,1,1,1,1,FALSE,FALSE,FALSE,FALSE
195,ASV371,-195.403.478.428.371,-128.001.270.562.689,0.35414252,0.389021208,-551.765.087.370.371,-329.034.171.057.788,0.011724578,0.046066174,0.106024716,0.370507695,FALSE,FALSE,FALSE,FALSE
196,ASV373,-0.074157017,0.03005098,0.329198717,0.360912486,-0.225265206,0.083263898,1,1,1,1,FALSE,FALSE,TRUE,FALSE
197,ASV377,-0.935758906,-0.466300241,0.324080896,0.347437979,-288.742.384.384.698,-134.211.073.341.664,0.016178419,0.209236008,0.146300554,1,FALSE,FALSE,FALSE,TRUE
198,ASV379,-109.617.867.222.891,-130.766.794.150.195,0.316225987,0.343688953,-346.644.082.305.564,-380.480.061.796.196,0.003453343,0.001726204,0.027775049,0.015609969,TRUE,TRUE,FALSE,FALSE
199,ASV380,-0.618119747,-0.196015461,0.333380731,0.35378717,-185.409.559.980.835,-0.554049095,1,1,1,1,FALSE,FALSE,TRUE,TRUE
200,ASV381,-0.47919798,-131.048.100.394.195,0.335033696,0.352124394,-143.029.786.450.543,-372.164.219.908.774,1,1,1,1,FALSE,FALSE,FALSE,FALSE
201,ASV382,-0.672556669,-0.301875317,0.32971685,0.34451686,-203.980.072.119.583,-0.876227994,1,1,1,1,FALSE,FALSE,FALSE,TRUE
202,ASV385,-0.072127219,0.2200993,0.326845903,0.354474262,-0.220676528,0.620917576,1,1,1,1,FALSE,FALSE,FALSE,FALSE
203,ASV388,-119.346.524.987.558,-114.301.079.739.705,0.321873669,0.34389209,-370.786.853.466.537,-33.237.484.354.374,0.003453948,0.006786043,0.031233865,0.054579771,TRUE,FALSE,FALSE,FALSE
204,ASV389,-0.760488129,0.543059221,0.326986389,0.351869569,-232.574.857.585.508,154.335.375.735.053,1,1,1,1,FALSE,FALSE,TRUE,FALSE
205,ASV390,0.242107107,0.418716952,0.320641943,0.335927127,0.755069983,124.645.173.979.019,1,1,1,1,FALSE,FALSE,FALSE,FALSE
206,ASV391,NA,NA,NA,NA,NA,NA,1,1,1,1,FALSE,FALSE,FALSE,FALSE
207,ASV392,-109.592.750.572.108,-0.876281431,0.338936439,0.360619757,-323.343.075.726.702,-242.993.184.069.046,1,1,1,1,FALSE,FALSE,TRUE,FALSE
208,ASV393,-0.88714176,-0.5064059,0.321263161,0.342057187,-276.141.763.660.945,-148.047.145.023.972,1,1,1,1,FALSE,FALSE,TRUE,FALSE
209,ASV394,0.563956227,0.217093349,0.315744452,0.333587687,178.611.603.091.463,0.650783459,1,1,1,1,FALSE,FALSE,FALSE,TRUE
210,ASV395,0.347370583,0.149521898,0.32282513,0.346552076,107.603.327.614.683,0.431455786,1,1,1,1,FALSE,FALSE,TRUE,TRUE
211,ASV398,-0.002531285,12.165.972.653.944,0.332779576,0.3409407,-0.007606491,356.835.445.663.052,0.994046447,0.003433598,1,0.031049835,FALSE,TRUE,TRUE,FALSE
212,ASV399,-123.161.588.675.703,-0.610874529,0.321505023,0.339463141,-383.078.271.587.581,-179.953.124.640.803,0.002082042,0.095176236,0.018827793,0.765497215,TRUE,FALSE,FALSE,TRUE
213,ASV401,0.275525823,0.516883471,0.319577864,0.337342741,0.862155531,153.222.052.272.533,1,1,1,1,FALSE,FALSE,FALSE,FALSE
214,ASV402,-0.58112551,-0.733041494,0.33663896,0.368325295,-172.625.743.968.136,-199.020.133.737.697,1,1,1,1,FALSE,FALSE,FALSE,TRUE
215,ASV404,0.739069916,0.742526521,0.323952027,0.34143936,228.141.778.631.877,21.746.951.499.695,1,1,1,1,FALSE,FALSE,FALSE,FALSE
216,ASV406,-224.072.465.416.125,-0.352454623,0.329919533,0.350412033,-679.173.080.692.902,-100.582.911.130.454,0.000255117,0.347993359,0.002307012,1,TRUE,FALSE,FALSE,FALSE
217,ASV408,0.489638487,0.35468055,0.320952371,0.346004972,152.557.990.389.831,102.507.356.374.507,1,1,1,1,FALSE,FALSE,FALSE,FALSE
218,ASV416,-132.368.510.540.211,0.64695132,0.33764929,0.349906953,-392.029.583.054.352,184.892.387.409.899,0.002391621,0.091503068,0.021627299,0.735954121,TRUE,FALSE,FALSE,TRUE
219,ASV417,-146.453.943.044.079,-0.82062311,0.35886746,0.355289844,-408.100.369.307.199,-230.972.859.052.444,0.000983424,0.035549144,0.008893046,0.285919804,TRUE,FALSE,FALSE,FALSE
220,ASV420,-0.991477466,-0.470771418,0.322046292,0.353573656,-307.867.996.032.707,-133.146.632.728.374,1,1,1,1,FALSE,FALSE,TRUE,TRUE
221,ASV421,0.12207707,0.325245168,0.32018245,0.340830386,0.38127346,0.954272803,1,1,1,1,FALSE,FALSE,TRUE,FALSE
222,ASV423,-0.529629657,0.481962926,0.332274524,0.352538306,-159.395.204.792.327,136.712.214.701.073,1,1,1,1,FALSE,FALSE,TRUE,FALSE
223,ASV428,-0.918654547,-0.441646245,0.334966436,0.35619055,-274.252.715.448.987,-123.991.567.285.277,1,1,1,1,FALSE,FALSE,FALSE,TRUE
224,ASV429,0.295344995,0.677543362,0.331977944,0.363057853,0.88965246,186.621.321.253.131,1,1,1,1,FALSE,FALSE,TRUE,FALSE
225,ASV431,0.54410098,0.693756795,0.321542509,0.341485243,169.215.878.257.345,203.158.645.985.166,1,1,1,1,FALSE,FALSE,TRUE,FALSE
226,ASV436,-341.384.592.131.217,-316.775.084.876.098,0.336756115,0.367590868,-101.374.430.100.376,-861.759.942.452.775,0.000160109,0.000347273,0.001447861,0.002793096,TRUE,TRUE,FALSE,TRUE
227,ASV437,-0.199104603,-0.097980529,0.321668932,0.343450787,-0.618973683,-0.285282587,1,1,1,1,FALSE,FALSE,FALSE,FALSE
228,ASV439,-0.861250874,-0.586594793,0.366133382,0.363399639,-23.522.872.182.278,-16.141.865.041.711,1,1,1,1,FALSE,FALSE,TRUE,TRUE
229,ASV442,156.946.077.834.035,138.963.205.292.541,0.315859428,0.337196629,496.885.842.673.322,412.113.270.220.324,0.000256713,0.001204523,0.00232144,0.009687912,TRUE,TRUE,TRUE,TRUE
230,ASV444,-0.066867839,-0.149241883,0.323706957,0.343893129,-0.20656905,-0.433977507,1,1,1,1,FALSE,FALSE,FALSE,FALSE
231,ASV445,-0.82653848,-0.327995598,0.327425108,0.347254073,-252.435.888.459.341,-0.944540679,1,1,1,1,FALSE,FALSE,TRUE,TRUE
232,ASV446,-28.446.962.194.861,-0.3019246,0.338627051,0.377125085,-840.067.623.887.311,-0.80059538,7.66E+08,0.441971106,6.92E+09,1,TRUE,FALSE,TRUE,TRUE
233,ASV448,-0.203736313,0.719463994,0.329023785,0.348896991,-0.619214543,206.211.005.650.444,1,1,1,1,FALSE,FALSE,TRUE,FALSE
234,ASV456,12.007.216.675.806,135.044.857.732.296,0.326080867,0.345281972,368.228.188.213.105,391.114.708.504.401,0.004230407,0.002907859,0.034024927,0.026295606,TRUE,TRUE,TRUE,TRUE
235,ASV458,-0.624353409,-0.71211501,0.327652724,0.346030521,-190.553.400.908.481,-205.795.433.133.546,1,1,1,1,FALSE,FALSE,TRUE,TRUE
236,ASV459,-0.573021618,-0.749938254,0.327002254,0.346808281,-175.234.760.814.773,-216.240.007.535.198,1,1,1,1,FALSE,FALSE,TRUE,FALSE
237,ASV461,-0.678032023,-0.072071224,0.320578315,0.341656639,-211.502.772.101.329,-0.21094636,1,1,1,1,FALSE,FALSE,TRUE,TRUE
238,ASV467,0.009242007,-0.202736162,0.340346976,0.375938898,0.027154663,-0.539279555,1,1,1,1,FALSE,FALSE,TRUE,TRUE
239,ASV472,-164.360.410.262.139,-208.214.959.676.225,0.344080845,0.379572776,-477.679.628.500.887,-548.550.826.119.623,0.003072919,0.001535491,0.024715314,0.013885359,TRUE,TRUE,FALSE,FALSE
240,ASV473,164.502.316.246.354,169.016.322.066.701,0.327542402,0.342905132,502.232.123.924.803,492.895.283.083.811,0.000297974,0.000348508,0.002694563,0.002803028,TRUE,TRUE,TRUE,TRUE
241,ASV474,-0.050380499,0.450732731,0.321732783,0.342633032,-0.156591127,131.549.701.636.344,1,1,1,1,FALSE,FALSE,TRUE,FALSE
242,ASV475,-0.253493643,0.448015192,0.334465649,0.355994672,-0.757906363,125.848.847.485.325,1,1,1,1,FALSE,FALSE,TRUE,FALSE
243,ASV477,-0.942185798,-0.041311969,0.337317997,0.366041242,-279.316.789.390.026,-0.112861514,1,1,1,1,FALSE,FALSE,TRUE,TRUE
244,ASV480,-0.280506162,0.870421266,0.330003744,0.340154605,-0.850009029,255.889.896.281.867,1,1,1,1,FALSE,FALSE,FALSE,TRUE
245,ASV483,-0.17768975,-0.047926734,0.330591751,0.341144674,-0.53748997,-0.140488002,1,1,1,1,FALSE,FALSE,TRUE,TRUE
246,ASV484,NA,NA,NA,NA,NA,NA,1,1,1,1,FALSE,FALSE,TRUE,TRUE
247,ASV486,-0.204320043,-0.65394201,0.325957548,0.346448717,-0.626830224,-188.755.789.312.854,1,1,1,1,FALSE,FALSE,TRUE,TRUE
248,ASV487,0.10509586,115.112.234.122.413,0.330105044,0.348132392,0.31837096,330.656.488.342.395,1,1,1,1,FALSE,FALSE,TRUE,TRUE
249,ASV488,-0.218109047,-0.265237962,0.337312867,0.361098466,-0.64660755,-0.734530846,1,1,1,1,FALSE,FALSE,TRUE,TRUE
250,ASV490,-0.307758188,-0.2953679,0.331776642,0.34950418,-0.927606554,-0.845105488,1,1,1,1,FALSE,FALSE,FALSE,FALSE
251,ASV491,0.173990623,0.798276865,0.324226129,0.342229768,0.536633565,233.257.577.461.141,1,1,1,1,FALSE,FALSE,FALSE,FALSE
252,ASV492,0.6946249,0.312232826,0.332981415,0.353212524,208.607.708.945.229,0.883980056,1,1,1,1,FALSE,FALSE,FALSE,TRUE
253,ASV494,-16.145.520.124.699,-0.012783532,0.359316008,0.38423271,-449.340.407.462.362,-0.033270287,0.0004289,0.973897732,0.00387852,1,TRUE,FALSE,FALSE,TRUE
254,ASV500,0.243818356,-0.438321214,0.334629081,0.352762846,0.728622733,-124.253.792.542.173,1,1,1,1,FALSE,FALSE,FALSE,TRUE
255,ASV501,-142.257.680.034.609,-0.932453187,0.323371836,0.34843435,-439.919.820.495.963,-267.612.302.218.855,0.001064614,0.021556964,0.00962725,0.173381468,TRUE,FALSE,FALSE,FALSE
256,ASV503,-0.079561056,-0.19400094,0.333347399,0.354225909,-0.238673096,-0.54767575,1,1,1,1,FALSE,FALSE,TRUE,TRUE
257,ASV504,-0.133514595,0.539097503,0.331727162,0.351456003,-0.402483156,153.389.755.106.618,1,1,1,1,FALSE,FALSE,TRUE,FALSE
258,ASV505,0.068850553,0.433550717,0.322775455,0.344382581,0.213307894,125.892.173.524.513,1,1,1,1,FALSE,FALSE,TRUE,FALSE
259,ASV506,-0.572585379,-109.737.592.919.222,0.327755899,0.34522213,-174.698.726.068.502,-317.875.313.657.607,1,1,1,1,FALSE,FALSE,FALSE,TRUE
260,ASV511,-0.993834711,-130.549.502.993.665,0.360770918,0.365925568,-275.475.283.951.699,-35.676.518.463.246,1,1,1,1,FALSE,FALSE,TRUE,TRUE
261,ASV513,0.137241636,0.065028564,0.322617713,0.342638568,0.42540019,0.189787637,1,1,1,1,FALSE,FALSE,FALSE,FALSE
262,ASV514,0.347517932,0.797734932,0.338218892,0.356151024,102.749.414.469.157,223.987.825.301.284,1,1,1,1,FALSE,FALSE,TRUE,FALSE
263,ASV515,-14.571.002.741.568,-0.975205375,0.329588742,0.355126908,-442.096.493.803.424,-274.607.570.372.062,0.00129217,0.020616637,0.011685018,0.16581847,TRUE,FALSE,FALSE,FALSE
264,ASV520,-0.338901083,0.997965166,0.343604739,0.361723297,-0.986310853,275.891.869.333.393,1,1,1,1,FALSE,FALSE,TRUE,TRUE
265,ASV521,-0.047156811,-0.105843952,0.321350647,0.342486246,-0.146745655,-0.309045847,1,1,1,1,FALSE,FALSE,TRUE,FALSE
266,ASV524,-127.601.755.270.448,-153.162.726.511.119,0.334554656,0.370138184,-381.407.800.223.081,-413.798.773.603.895,0.008821467,0.006092311,0.07095057,0.055092431,FALSE,FALSE,FALSE,FALSE
267,ASV526,0.128162244,0.269632703,0.329950589,0.350096345,0.388428595,0.770167146,1,1,1,1,FALSE,FALSE,TRUE,FALSE
268,ASV532,-0.502194408,-121.380.161.833.655,0.333117428,0.350717915,-150.755.969.364.913,-346.090.565.989.495,1,1,1,1,FALSE,FALSE,TRUE,TRUE
269,ASV534,-140.444.620.917.466,-0.871393676,0.318779912,0.341626401,-440.569.232.236.377,-255.072.111.658.615,0.000856799,0.025431955,0.007747982,0.204547808,TRUE,FALSE,TRUE,FALSE
270,ASV535,19.998.811.092.358,156.148.509.413.403,0.324581571,0.345301499,616.141.300.310.546,452.209.184.631.321,0.000106711,0.001104777,0.000964985,0.008885658,TRUE,TRUE,TRUE,TRUE
271,ASV536,-0.285057111,0.267345895,0.324213743,0.343958847,-0.879225871,0.777261285,1,1,1,1,FALSE,FALSE,TRUE,FALSE
272,ASV540,NA,NA,NA,NA,NA,NA,1,1,1,1,FALSE,FALSE,TRUE,FALSE
273,ASV541,-0.313499704,0.312608682,0.3338407,0.353090592,-0.939069754,0.885349791,1,1,1,1,FALSE,FALSE,TRUE,FALSE
274,ASV545,-0.892889455,-0.627049267,0.335051061,0.350174683,-266.493.546.832.935,-179.067.561.593.659,1,1,1,1,FALSE,FALSE,TRUE,FALSE
275,ASV548,-141.944.969.001.475,-0.417377122,0.32672566,0.353977567,-434.446.958.141.263,-117.910.613.797.137,0.001865251,0.268586468,0.016867358,1,TRUE,FALSE,FALSE,FALSE
276,ASV553,0.620646167,0.804850221,0.32632277,0.346303603,190.193.950.425.542,23.241.173.742.177,1,1,1,1,FALSE,FALSE,TRUE,FALSE
277,ASV557,-0.327655403,0.139097999,0.336074343,0.34977188,-0.974949174,0.397682051,1,1,1,1,FALSE,FALSE,TRUE,TRUE
278,ASV558,0.092692727,-0.330459637,0.334151446,0.358527765,0.277397353,-0.921712818,1,1,1,1,FALSE,FALSE,TRUE,FALSE
279,ASV562,-0.735820203,206.721.976.714.434,0.34283589,0.363605748,-214.627.530.026.977,568.533.302.111.683,1,1,1,1,FALSE,FALSE,TRUE,TRUE
280,ASV563,-0.742510538,0.227655206,0.330621473,0.351907989,-22.458.025.248.984,0.646916846,1,1,1,1,FALSE,FALSE,TRUE,TRUE
281,ASV565,NA,NA,NA,NA,NA,NA,1,1,1,1,FALSE,FALSE,TRUE,FALSE
282,ASV570,-122.153.506.766.201,-0.686033521,0.325677732,0.351286524,-375.074.789.770.062,-195.291.727.497.759,0.004549429,0.082578878,0.041140234,0.664177354,TRUE,FALSE,FALSE,FALSE
283,ASV571,-0.332120042,-0.074966106,0.327594607,0.349073935,-101.381.413.248.103,-0.214757101,1,1,1,1,FALSE,FALSE,TRUE,TRUE
284,ASV572,-0.254391169,-0.233192035,0.328827851,0.362282699,-0.77363024,-0.643674223,1,1,1,1,FALSE,FALSE,TRUE,TRUE
285,ASV573,-119.255.492.899.509,-0.433960897,0.340081878,0.359851036,-350.667.003.246.907,-120.594.594.500.434,0.009903675,0.267012925,0.089558383,1,FALSE,FALSE,FALSE,TRUE
286,ASV575,-0.349214987,-0.494718614,0.330533366,0.351958153,-105.651.962.275.076,-140.561.771.110.214,1,1,1,1,FALSE,FALSE,TRUE,TRUE
287,ASV577,-195.927.503.176.664,-0.436350374,0.340835191,0.366377767,-574.845.287.604.207,-119.098.486.156.243,0.001206112,0.278634025,0.010906805,1,TRUE,FALSE,FALSE,TRUE
288,ASV583,-259.395.569.677.545,134.335.838.391.506,0.35321767,0.366236142,-734.378.803.001.412,366.801.150.972.482,1,1,1,1,FALSE,FALSE,TRUE,TRUE
289,ASV584,-167.491.904.646.589,-135.084.287.669.202,0.334448828,0.350699598,-50.079.979.489.353,-385.185.179.300.645,0.000730948,0.003895271,0.006609926,0.031329452,TRUE,TRUE,FALSE,FALSE
290,ASV585,NA,NA,NA,NA,NA,NA,1,1,1,1,FALSE,FALSE,TRUE,FALSE
291,ASV587,-0.947289594,-144.434.842.170.365,0.328693231,0.347515192,-288.198.692.514.035,-415.621.663.229.947,0.018119262,0.002461519,0.145732221,0.022259376,FALSE,TRUE,FALSE,TRUE
292,ASV588,0.680410253,0.260521649,0.331481768,0.354346344,205.263.250.728.928,0.735217543,1,1,1,1,FALSE,FALSE,TRUE,TRUE
293,ASV590,100.421.248.786.333,0.710136996,0.332171152,0.350860892,302.317.790.569.513,202.398.446.670.539,0.016479582,0.077577753,0.149023954,0.623953586,FALSE,FALSE,TRUE,FALSE
294,ASV592,-0.382324913,0.485103237,0.326054888,0.344126462,-117.257.838.117.263,140.966.560.313.068,1,1,1,1,FALSE,FALSE,TRUE,TRUE
295,ASV593,-116.072.067.591.698,-0.431474103,0.337304532,0.358520607,-344.116.537.529.984,-120.348.480.328.962,1,1,1,1,FALSE,FALSE,FALSE,TRUE
296,ASV596,-0.522822686,0.628751552,0.336437436,0.357077466,-155.399.676.036.999,176.082.674.692.465,1,1,1,1,FALSE,FALSE,TRUE,TRUE
297,ASV600,NA,NA,NA,NA,NA,NA,1,1,1,1,FALSE,FALSE,TRUE,FALSE
298,ASV602,-170.505.739.284.433,-275.981.834.612.948,0.339084307,0.351070182,-502.841.729.021.469,-786.115.849.381.725,0.000515322,1.37E+09,0.004144705,0.000124086,TRUE,TRUE,FALSE,FALSE
299,ASV604,NA,NA,NA,NA,NA,NA,1,1,1,1,FALSE,FALSE,TRUE,FALSE
300,ASV606,-0.415885746,0.687712263,0.326899047,0.348571088,-127.221.461.889.545,197.294.694.590.674,1,1,1,1,FALSE,FALSE,FALSE,TRUE
301,ASV608,-0.78264468,-0.232188541,0.333281602,0.35713429,-234.829.848.213.073,-0.650143512,1,1,1,1,FALSE,FALSE,TRUE,FALSE
302,ASV610,187.703.834.239.702,195.692.337.087.236,0.33395254,0.348020987,562.067.394.380.497,562.300.391.172.646,0.000498105,0.000496757,0.004006231,0.004006231,TRUE,TRUE,TRUE,TRUE
303,ASV615,106.217.772.176.341,0.450505026,0.327503665,0.345334167,324.325.446.319.956,130.454.808.439.712,0.007828536,0.218680598,0.070793018,1,FALSE,FALSE,TRUE,TRUE
304,ASV616,-173.693.486.535.677,-0.606369346,0.334682402,0.36792423,-518.980.040.753.684,-164.808.212.277.989,0.000407259,0.130353944,0.00368282,1,TRUE,FALSE,TRUE,TRUE
305,ASV618,-0.719073672,-0.499605176,0.330093975,0.345098297,-217.839.078.062.609,-144.771.846.398.377,1,1,1,1,FALSE,FALSE,TRUE,TRUE
306,ASV620,-190.090.091.519.421,-0.965279769,0.315339028,0.348444758,-602.811.814.245.815,-277.025.194.918.891,1.76E+09,0.013653223,0.000158834,0.109812121,TRUE,FALSE,TRUE,FALSE
307,ASV623,NA,NA,NA,NA,NA,NA,1,1,1,1,FALSE,FALSE,FALSE,FALSE
308,ASV626,-135.817.383.521.897,-0.897603362,0.353857419,0.377328888,-383.819.516.889.256,-237.883.552.375.072,0.0039775,0.041306457,0.035968311,0.332225551,TRUE,FALSE,FALSE,FALSE
309,ASV627,-154.423.798.785.636,-0.715363913,0.33559466,0.364070163,-460.149.750.300.277,-19.649.067.277.739,0.002479783,0.090165434,0.022424539,0.725195608,TRUE,FALSE,FALSE,TRUE
310,ASV629,0.603264084,0.696409735,0.335057817,0.359556557,180.047.757.036.833,193.685.727.890.503,1,1,1,1,FALSE,FALSE,TRUE,FALSE
311,ASV630,NA,NA,NA,NA,NA,NA,1,1,1,1,FALSE,FALSE,TRUE,FALSE
312,ASV631,-0.162782519,0.336951882,0.335332506,0.356154686,-0.485436144,0.946082967,1,1,1,1,FALSE,FALSE,TRUE,TRUE
313,ASV633,NA,NA,NA,NA,NA,NA,1,1,1,1,FALSE,FALSE,TRUE,FALSE
314,ASV635,-147.039.445.218.412,-0.870778044,0.330196884,0.354052456,-44.530.839.712.057,-245.946.053.819.599,0.002960616,0.043499705,0.026772684,0.349865727,TRUE,FALSE,FALSE,TRUE
315,ASV638,0.210058575,0.183768545,0.333040131,0.356429782,0.630730519,0.515581342,1,1,1,1,FALSE,FALSE,TRUE,TRUE
316,ASV645,0.031489201,0.117330116,0.327844307,0.344830179,0.096049255,0.340254777,1,1,1,1,FALSE,FALSE,TRUE,FALSE
317,ASV653,117.387.482.333.958,0.118449259,0.329681824,0.347739469,356.062.948.386.163,0.340626446,1,1,1,1,FALSE,FALSE,FALSE,TRUE
318,ASV654,0.294656856,0.509069707,0.323251049,0.343268934,0.911541841,148.300.547.191.973,1,1,1,1,FALSE,FALSE,TRUE,FALSE
319,ASV655,-0.716638887,-268.425.010.661.213,0.340440941,0.360172926,-210.503.144.888.065,-745.267.040.775.871,0.079919823,0.000300841,0.642790727,0.002720493,FALSE,TRUE,FALSE,TRUE
320,ASV658,-0.469792226,-0.307811605,0.33100359,0.352405006,-141.929.646.762.411,-0.873459799,1,1,1,1,FALSE,FALSE,TRUE,FALSE
321,ASV659,-104.702.197.530.219,-0.301150743,0.33248979,0.353250242,-314.903.496.843.088,-0.852513903,1,1,1,1,FALSE,FALSE,TRUE,FALSE
322,ASV660,-0.385374471,-0.215829884,0.338118803,0.358365299,-113.976.054.457.526,-0.602262228,1,1,1,1,FALSE,FALSE,TRUE,TRUE
323,ASV661,-13.216.593.765.804,-119.774.724.011.941,0.332879347,0.352109286,-397.038.562.784.192,-340.163.491.306.611,0.007363714,0.014466778,0.066589658,0.116355499,FALSE,FALSE,TRUE,FALSE
324,ASV662,0.817487894,0.258753767,0.332526758,0.351439608,245.841.236.643.261,0.736268084,1,1,1,1,FALSE,FALSE,TRUE,TRUE
325,ASV664,0.581947881,0.223669176,0.333411559,0.354611603,174.543.402.918.599,0.630744099,1,1,1,1,FALSE,FALSE,TRUE,TRUE
326,ASV667,-154.591.287.708.353,-17.919.918.447.815,0.332636274,0.372754979,-464.745.728.541.224,-480.742.563.881.517,0.001650126,0.001342738,0.013271869,0.012142306,TRUE,TRUE,FALSE,FALSE
327,ASV669,-0.885445705,0.330549562,0.328440455,0.346343526,-269.590.938.990.503,0.954397982,1,1,1,1,FALSE,FALSE,TRUE,TRUE
328,ASV673,-0.391502905,-0.0384886,0.35439002,0.375698232,-110.472.327.759.727,-0.102445518,1,1,1,1,FALSE,FALSE,TRUE,TRUE
329,ASV683,0.17098297,0.237564216,0.341587594,0.365160704,0.500553805,0.650574428,1,1,1,1,FALSE,FALSE,TRUE,TRUE
330,ASV685,-0.194882197,0.035281986,0.32958655,0.348014934,-0.59129293,0.101380667,1,1,1,1,FALSE,FALSE,TRUE,TRUE
331,ASV687,-0.228977931,-0.108561712,0.332959013,0.354653719,-0.687706058,-0.306106228,1,1,1,1,FALSE,FALSE,TRUE,FALSE
332,ASV691,NA,NA,NA,NA,NA,NA,1,1,1,1,FALSE,FALSE,TRUE,FALSE
333,ASV692,-0.305032774,0.194849006,0.330146666,0.350698644,-0.923931104,0.555602393,1,1,1,1,FALSE,FALSE,TRUE,FALSE
334,ASV693,0.453974994,0.465242538,0.334914388,0.353536872,135.549.564.313.945,131.596.609.919.243,1,1,1,1,FALSE,FALSE,TRUE,FALSE
335,ASV694,-0.876208304,-0.377288089,0.330974988,0.351455644,-264.735.504.457.971,-107.350.129.498.273,1,1,1,1,FALSE,FALSE,TRUE,TRUE
336,ASV695,NA,NA,NA,NA,NA,NA,1,1,1,1,FALSE,FALSE,TRUE,FALSE
337,ASV696,NA,NA,NA,NA,NA,NA,1,1,1,1,FALSE,FALSE,TRUE,FALSE
338,ASV705,-0.540965351,-157.852.719.019.661,0.339144861,0.355717114,-159.508.638.660.924,-443.759.135.555.259,0.171577823,0.00678003,1,0.061311437,FALSE,FALSE,TRUE,FALSE
339,ASV706,-150.154.924.972.001,-0.083944164,0.323412362,0.354814643,-46.428.319.575.628,-0.236585962,0.000918021,0.817753754,0.008301613,1,TRUE,FALSE,FALSE,TRUE
340,ASV709,-0.624432096,0.01291625,0.327347381,0.351562143,-190.755.183.166.237,0.036739592,1,1,1,1,FALSE,FALSE,TRUE,TRUE
341,ASV710,0.646241978,114.715.362.433.557,0.335363503,0.351322115,192.698.958.967.182,326.524.740.871.483,1,1,1,1,FALSE,FALSE,FALSE,FALSE
342,ASV713,0.735435374,143.732.377.271.589,0.33712798,0.357066958,218.147.236.970.158,402.536.202.040.255,1,1,1,1,FALSE,FALSE,TRUE,TRUE
343,ASV715,-0.324015619,0.153319875,0.342164212,0.361891173,-0.946959403,0.42366293,1,1,1,1,FALSE,FALSE,TRUE,FALSE
344,ASV724,-0.766717912,-0.231178119,0.328162289,0.351320184,-233.639.859.729.468,-0.658026864,1,1,1,1,FALSE,FALSE,TRUE,FALSE
345,ASV725,-0.377363544,0.201807884,0.325828069,0.346453296,-115.816.769.481.094,0.582496649,1,1,1,1,FALSE,FALSE,TRUE,TRUE
346,ASV729,-0.389902145,-0.918611539,0.327975274,0.351867584,-11.888.156.702.138,-261.067.395.820.564,1,1,1,1,FALSE,FALSE,TRUE,TRUE
347,ASV730,-119.185.012.398.944,-0.11325033,0.369810665,0.393780894,-322.286.574.714.208,-0.287597321,1,1,1,1,FALSE,FALSE,TRUE,TRUE
348,ASV731,NA,NA,NA,NA,NA,NA,1,1,1,1,FALSE,FALSE,TRUE,FALSE
349,ASV732,-100.273.968.844.039,-0.518531116,0.333682049,0.353530148,-300.507.531.421.864,-146.672.389.532.676,1,1,1,1,FALSE,FALSE,TRUE,TRUE
350,ASV736,0.933565933,202.071.930.138.455,0.332036095,0.347959467,281.163.989.600.655,58.073.410.631.765,0.022785417,0.000401788,0.183261854,0.003633347,FALSE,TRUE,TRUE,FALSE
351,ASV738,-0.48992412,-0.629494421,0.322811761,0.344798327,-151.767.741.889.464,-182.568.873.289.963,1,1,1,1,FALSE,FALSE,FALSE,TRUE
352,ASV739,0.175115861,0.287875272,0.333123382,0.352777451,0.525678683,0.816025149,1,1,1,1,FALSE,FALSE,TRUE,FALSE
353,ASV746,0.242768577,0.219595603,0.359046623,0.366560254,0.676147782,0.59907096,1,1,1,1,FALSE,FALSE,TRUE,TRUE
354,ASV753,NA,NA,NA,NA,NA,NA,1,1,1,1,FALSE,FALSE,TRUE,FALSE
355,ASV755,-161.211.403.028.448,-0.308393694,0.335361,0.355138938,-480.710.049.439.642,-0.868374771,0.004853198,0.424899458,0.043887206,1,TRUE,FALSE,TRUE,FALSE
356,ASV757,0.780538639,-0.044843554,0.338113554,0.363874428,230.851.034.780.149,-0.12323909,1,1,1,1,FALSE,FALSE,TRUE,TRUE
357,ASV758,-0.591402354,-0.487086537,0.337210698,0.357966345,-175.380.661.751.026,-136.070.483.746.839,1,1,1,1,FALSE,FALSE,TRUE,FALSE
358,ASV759,0.715502072,0.241377031,0.331341134,0.349143834,215.941.215.338.348,0.691339806,1,1,1,1,FALSE,FALSE,TRUE,TRUE
359,ASV763,-0.639066187,-0.076841798,0.337394475,0.358315838,-189.412.167.260.324,-0.214452698,1,1,1,1,FALSE,FALSE,TRUE,FALSE
360,ASV764,NA,NA,NA,NA,NA,NA,1,1,1,1,FALSE,FALSE,TRUE,FALSE
361,ASV767,0.077099606,0.710457638,0.322738774,0.342155005,0.238891673,207.642.041.293.452,1,1,1,1,FALSE,FALSE,TRUE,TRUE
362,ASV770,-102.326.253.534.406,-0.815670739,0.332779096,0.365496136,-307.490.028.340.248,-22.316.808.827.335,0.008864853,0.043864925,0.080164381,0.352803167,FALSE,FALSE,FALSE,FALSE
363,ASV773,-0.482150027,0.312423336,0.334927429,0.357135074,-143.956.566.609.417,0.874804405,1,1,1,1,FALSE,FALSE,FALSE,TRUE
364,ASV775,-0.274276251,-0.464910719,0.334163038,0.358411877,-0.820785723,-129.714.093.729.869,1,1,1,1,FALSE,FALSE,TRUE,TRUE
365,ASV784,0.299742122,10.177.028.743.335,0.330772391,0.345150747,0.906188457,294.857.503.454.189,1,1,1,1,FALSE,FALSE,TRUE,TRUE
366,ASV787,-0.429173934,0.151771906,0.335821279,0.35569017,-127.798.314.590.111,0.426696936,1,1,1,1,FALSE,FALSE,TRUE,TRUE
367,ASV788,-159.141.942.275.304,139.101.618.684.931,0.332115806,0.352195562,-479.176.057.156.719,394.955.626.165,0.001369893,0.004238656,0.012387866,0.034091276,TRUE,TRUE,FALSE,FALSE
368,ASV790,-151.218.057.422.046,-0.681816249,0.333884294,0.36215709,-452.905.572.979.712,-188.265.332.445.335,0.001926765,0.096510816,0.017423631,0.776231163,TRUE,FALSE,FALSE,FALSE
369,ASV797,-147.975.219.317.684,-0.618255991,0.364290378,0.356901445,-406.201.284.511.549,-173.228.771.941.117,1,1,1,1,FALSE,FALSE,FALSE,TRUE
370,ASV798,-0.800771181,-107.749.580.079.263,0.327570379,0.344956206,-244.457.750.894.138,-312.357.273.739.125,1,1,1,1,FALSE,FALSE,TRUE,TRUE
371,ASV807,-0.923321195,-0.994056233,0.337890777,0.356948126,-27.326.025.391.682,-278.487.589.975.368,1,1,1,1,FALSE,FALSE,TRUE,TRUE
372,ASV809,-0.69613346,0.227576635,0.351592445,0.36436518,-197.994.430.956.345,0.624583927,1,1,1,1,FALSE,FALSE,TRUE,TRUE
373,ASV810,-0.727592651,-171.922.534.837.482,0.356347215,0.374174754,-20.418.081.594.025,-459.471.231.187.282,0.075461761,0.001767633,0.606934776,0.015984609,FALSE,TRUE,FALSE,TRUE
374,ASV815,-0.160322935,0.737746936,0.341873775,0.392489989,-0.468953592,187.965.796.920.423,1,1,1,1,FALSE,FALSE,TRUE,FALSE
375,ASV817,-0.480499589,0.457148552,0.337105867,0.356284672,-142.536.703.115.087,128.309.912.779.329,1,1,1,1,FALSE,FALSE,TRUE,FALSE
376,ASV826,-0.969538501,-0.338614799,0.327044476,0.345712508,-29.645.463.307.114,-0.979469331,1,1,1,1,FALSE,FALSE,TRUE,FALSE
377,ASV828,-262.041.320.242.249,-341.154.232.623.201,0.344229562,0.363920835,-761.240.025.172.695,-937.440.782.229.122,1,1,1,1,FALSE,FALSE,TRUE,TRUE
378,ASV829,-0.067988582,0.123345224,0.331582257,0.350745331,-0.205042884,0.351666048,1,1,1,1,FALSE,FALSE,TRUE,TRUE
379,ASV835,-0.691925252,-0.211961733,0.33611098,0.364240153,-205.862.138.953.689,-0.581928518,1,1,1,1,FALSE,FALSE,TRUE,TRUE
380,ASV836,-0.1702449,-0.042136305,0.3341771,0.355342177,-0.509445141,-0.118579521,1,1,1,1,FALSE,FALSE,TRUE,TRUE
381,ASV839,-0.307886555,-0.40017756,0.337576313,0.357197524,-0.912050234,-11.203.256.826.351,1,1,1,1,FALSE,FALSE,TRUE,TRUE
382,ASV841,-0.469529005,-0.731703186,0.336079163,0.354704997,-139.707.859.504.531,-206.284.995.141.739,1,1,1,1,FALSE,FALSE,TRUE,TRUE
383,ASV846,0.718041599,0.267914566,0.333015255,0.354017718,215.618.230.435.995,0.756782929,1,1,1,1,FALSE,FALSE,FALSE,TRUE
384,ASV847,0.113169941,0.680223506,0.326817799,0.347466711,0.34627839,195.766.525.237.982,1,1,1,1,FALSE,FALSE,TRUE,TRUE
385,ASV851,-0.766156641,-0.675483523,0.333395985,0.359752139,-229.803.799.538.264,-187.763.587.745.309,1,1,1,1,FALSE,FALSE,TRUE,FALSE
386,ASV853,-10.168.157.410.062,-0.786515062,0.339570433,0.359326556,-299.441.777.325.701,-218.885.871.296.257,1,1,1,1,FALSE,FALSE,TRUE,TRUE
387,ASV860,0.7008244,0.707675995,0.330657098,0.356763241,211.948.996.332.233,198.360.120.705.974,1,1,1,1,FALSE,FALSE,TRUE,FALSE
388,ASV863,0.460172224,0.23952607,0.347746725,0.367984674,132.329.707.360.355,0.650913169,1,1,1,1,FALSE,FALSE,FALSE,TRUE
389,ASV874,-0.3012766,-0.061855572,0.338937112,0.360130386,-0.888886433,-0.171758824,1,1,1,1,FALSE,FALSE,FALSE,TRUE
390,ASV875,-0.696009529,-0.669973836,0.358998104,0.381273787,-193.875.544.572.731,-175.719.878.565.495,1,1,1,1,FALSE,FALSE,FALSE,TRUE
391,ASV880,0.336935806,-0.574366594,0.323125826,0.343163411,104.273.870.670.823,-167.374.077.436.804,1,1,1,1,FALSE,FALSE,TRUE,TRUE
392,ASV883,-0.947194529,-124.245.373.341.763,0.354151789,0.363594596,-267.454.396.219.555,-341.714.025.978.696,0.028163162,0.009126392,0.226514755,0.082529459,FALSE,FALSE,FALSE,FALSE
393,ASV886,-0.041771208,0.222645908,0.326796304,0.342611763,-0.127820319,0.64984899,1,1,1,1,FALSE,FALSE,TRUE,TRUE
394,ASV888,-199.611.510.817.199,-15.154.859.358.477,0.345223221,0.36900989,-578.209.977.268.938,-410.689.787.791.831,0.001170101,0.006308293,0.01058116,0.050737252,TRUE,FALSE,FALSE,FALSE
395,ASV894,-0.125822441,0.031319421,0.336290634,0.356174559,-0.374147918,0.087932786,1,1,1,1,FALSE,FALSE,TRUE,TRUE
396,ASV899,107.778.999.466.181,119.092.451.763.426,0.332319054,0.352614321,324.323.863.100.647,337.741.392.043.681,1,1,1,1,FALSE,FALSE,TRUE,FALSE
397,ASV904,-0.875547867,-224.051.821.109.628,0.346007898,0.365681766,-253.042.740.215.226,-612.696.180.546.848,1,1,1,1,FALSE,FALSE,FALSE,TRUE
398,ASV910,NA,NA,NA,NA,NA,NA,1,1,1,1,FALSE,FALSE,TRUE,FALSE
399,ASV914,-194.184.221.478.264,-0.407232685,0.344271305,0.364004043,-564.044.167.582.959,-111.875.868.761.381,1,1,1,1,FALSE,FALSE,TRUE,TRUE
400,ASV915,-142.167.712.238.723,-103.753.438.346.772,0.337197257,0.363688059,-421.615.862.364.285,-28.528.139.905.057,1,1,1,1,FALSE,FALSE,TRUE,FALSE
401,ASV918,-112.129.855.350.465,-105.513.607.203.925,0.348491642,0.360862248,-321.757.660.564.496,-292.393.033.099.294,1,1,1,1,FALSE,FALSE,TRUE,TRUE
402,ASV932,-181.400.259.139.274,-0.169020258,0.342728798,0.363726018,-529.282.219.525.271,-0.464691139,0.001842438,0.65853732,0.016661062,1,TRUE,FALSE,TRUE,TRUE
403,ASV938,NA,NA,NA,NA,NA,NA,1,1,1,1,FALSE,FALSE,TRUE,FALSE
404,ASV955,-107.507.506.167.213,-0.953133996,0.342950002,0.362743782,-313.478.656.929.953,-262.756.811.893.666,1,1,1,1,FALSE,FALSE,TRUE,TRUE
405,ASV960,-137.970.331.524.414,-108.141.150.533.482,0.336681964,0.354621326,-409.794.245.765.347,-304.948.243.533.437,0.009373667,0.02844111,0.084765557,0.228750278,FALSE,FALSE,FALSE,TRUE
406,ASV962,0.00692626,0.94541695,0.335679059,0.36632293,0.020633579,258.082.929.559.704,1,1,1,1,FALSE,FALSE,TRUE,FALSE
407,ASV963,0.282585611,0.534837622,0.336338851,0.358556952,0.840181293,149.163.924.625.567,1,1,1,1,FALSE,FALSE,TRUE,TRUE
408,ASV964,-0.357269425,0.676973548,0.336510771,0.355760457,-106.168.793.239.877,190.289.149.391.488,1,1,1,1,FALSE,FALSE,TRUE,TRUE
409,ASV968,-0.394062577,-0.259905991,0.336662507,0.358712549,-117.049.736.489.463,-0.724552267,1,1,1,1,FALSE,FALSE,FALSE,TRUE
410,ASV969,-0.645144427,-0.292032488,0.337611652,0.354967074,-191.090.687.215.561,-0.822703034,1,1,1,1,FALSE,FALSE,TRUE,TRUE
411,ASV971,0.225117463,-0.558269239,0.333029934,0.350790744,0.675967654,-159.145.943.509.861,1,1,1,1,FALSE,FALSE,TRUE,TRUE
412,ASV972,110.804.638.891.039,0.034717504,0.334816532,0.366970414,330.941.360.975.818,0.094605731,1,1,1,1,FALSE,FALSE,FALSE,FALSE
413,ASV975,NA,NA,NA,NA,NA,NA,1,1,1,1,FALSE,FALSE,TRUE,FALSE
414,ASV982,-0.564432968,-0.013272823,0.338862867,0.36700712,-166.566.780.490.961,-0.036165029,1,1,1,1,FALSE,FALSE,FALSE,TRUE
415,ASV990,-0.974895938,-0.837702507,0.340298105,0.360714292,-286.482.917.377.125,-232.234.354.239.473,1,1,1,1,FALSE,FALSE,TRUE,TRUE
416,ASV994,0.332317303,0.408423306,0.343143349,0.359270469,0.968450369,113.681.290.666.403,1,1,1,1,FALSE,FALSE,TRUE,TRUE
417,ASV995,-0.826405739,0.250472418,0.326623734,0.347508479,-25.301.460.175.521,0.720766351,1,1,1,1,FALSE,FALSE,TRUE,FALSE
418,ASV1001,NA,NA,NA,NA,NA,NA,1,1,1,1,FALSE,FALSE,TRUE,FALSE
419,ASV1011,-0.246183279,-0.266170225,0.342242045,0.368105304,-0.719325058,-0.723081743,1,1,1,1,FALSE,FALSE,TRUE,TRUE
420,ASV1012,-142.855.946.320.037,-0.082488981,0.341480695,0.36130949,-418.342.671.240.054,-0.228305604,1,1,1,1,FALSE,FALSE,TRUE,TRUE
421,ASV1013,0.204896445,112.048.875.760.787,0.337623798,0.357294909,0.606877969,313.603.337.379.572,1,1,1,1,FALSE,FALSE,TRUE,TRUE
422,ASV1015,0.235703527,-0.284308971,0.331774085,0.347937943,0.710433811,-0.817125517,1,1,1,1,FALSE,FALSE,FALSE,TRUE
423,ASV1025,-0.894889681,-176.399.982.394.018,0.349386421,0.366544184,-2.561.317.863.009,-481.251.620.198.328,1,1,1,1,FALSE,FALSE,TRUE,TRUE
424,ASV1035,NA,NA,NA,NA,NA,NA,1,1,1,1,FALSE,FALSE,TRUE,FALSE
425,ASV1036,-0.076983347,-0.913276471,0.341912782,0.366860557,-0.225154926,-248.943.761.840.479,1,1,1,1,FALSE,FALSE,TRUE,TRUE
426,ASV1049,110.978.855.713.352,16.619.267.739.327,0.337687763,0.356871591,328.643.403.324.468,465.693.212.300.394,0.030316859,0.009611549,0.24383682,0.086916703,FALSE,FALSE,TRUE,FALSE
427,ASV1050,15.341.318.286.047,0.676818414,0.340368702,0.354528717,450.726.468.121.586,190.906.514.110.694,1,1,1,1,FALSE,FALSE,FALSE,TRUE
428,ASV1054,-298.876.935.507.111,-134.919.460.962.719,0.359758366,0.367696227,-830.771.328.836.256,-36.693.186.156.623,0.000412795,0.01445363,0.003732884,0.116249745,TRUE,FALSE,FALSE,FALSE
429,ASV1063,-0.822838393,-129.834.444.236.855,0.339842895,0.359401594,-242.123.170.680.259,-361.251.720.185.062,1,1,1,1,FALSE,FALSE,TRUE,TRUE
430,ASV1067,-0.440140823,-0.440164472,0.34308805,0.366752027,-128.288.007.486.389,-1.200.169.159.352,1,1,1,1,FALSE,FALSE,TRUE,FALSE
431,ASV1078,108.481.421.712.413,-0.601864532,0.33835867,0.363286502,320.610.734.215.644,-165.672.142.732.056,1,1,1,1,FALSE,FALSE,TRUE,TRUE
432,ASV1080,NA,NA,NA,NA,NA,NA,1,1,1,1,FALSE,FALSE,TRUE,FALSE
433,ASV1084,0.869332812,161.874.161.943.068,0.342273939,0.366708836,25.398.743.881.273,441.424.220.423.245,1,1,1,1,FALSE,FALSE,TRUE,TRUE
434,ASV1086,-0.936067648,-0.012924987,0.335941285,0.354636757,-278.640.253.362.471,-0.036445706,1,1,1,1,FALSE,FALSE,TRUE,FALSE
435,ASV1091,0.909273232,133.257.562.977.806,0.344091627,0.356871591,264.253.228.288.454,373.404.794.602.399,1,1,1,1,FALSE,FALSE,FALSE,TRUE
436,ASV1099,NA,NA,NA,NA,NA,NA,1,1,1,1,FALSE,FALSE,TRUE,TRUE
437,ASV1108,-12.622.557.706.271,-0.388592543,0.345076512,0.36477015,-36.579.011.486.007,-106.530.795.614.428,1,1,1,1,FALSE,FALSE,FALSE,FALSE
438,ASV1110,-0.377157941,0.333835289,0.33945827,0.358677944,-111.105.833.854.899,0.930738269,1,1,1,1,FALSE,FALSE,TRUE,FALSE
439,ASV1112,-157.694.785.496.282,-103.466.820.973.642,0.341873893,0.361757246,-461.265.948.127.406,-286.011.744.370.453,1,1,1,1,FALSE,FALSE,TRUE,TRUE
440,ASV1116,-231.884.084.216.335,-0.580660612,0.344743682,0.373308084,-672.627.510.137.757,-155.544.612.096.385,0.006708505,0.217688457,0.060664641,1,FALSE,FALSE,FALSE,TRUE
441,ASV1127,-108.512.798.709.568,-108.268.226.360.931,0.358450505,0.365850198,-30.272.742.627.464,-295.935.951.041.285,1,1,1,1,FALSE,FALSE,TRUE,TRUE
442,ASV1136,-0.611995727,-0.703064524,0.346567864,0.366236142,-176.587.557.830.502,-191.970.273.655.907,1,1,1,1,FALSE,FALSE,TRUE,TRUE
443,ASV1138,-0.31452789,108.685.540.262.106,0.341873775,0.361710889,-0.920011751,300.476.274.433.257,1,1,1,1,FALSE,FALSE,TRUE,FALSE
444,ASV1139,-220.568.292.321.527,-0.835595197,0.347762938,0.355466886,-634.248.990.334.438,-235.069.771.529.862,0.001438044,0.06550334,0.013004156,0.526839751,TRUE,FALSE,FALSE,TRUE
445,ASV1147,-0.895507992,100.526.129.603.003,0.338142727,0.359344831,-264.831.362.860.912,279.748.366.475.159,1,1,1,1,FALSE,FALSE,TRUE,FALSE
446,ASV1148,NA,NA,NA,NA,NA,NA,1,1,1,1,FALSE,FALSE,TRUE,TRUE
447,ASV1150,0.698518503,0.909819706,0.339500965,0.36272903,205.748.606.402.286,25.082.627.271.562,1,1,1,1,FALSE,FALSE,TRUE,FALSE
448,ASV1151,-113.324.445.764.983,-102.677.729.644.672,0.343057575,0.362783508,-330.336.521.244.293,-283.027.556.329.311,1,1,1,1,FALSE,FALSE,FALSE,TRUE
449,ASV1152,-0.520546549,-0.359325576,0.334257886,0.353808378,-15.573.201.754.556,-101.559.374.586.547,1,1,1,1,FALSE,FALSE,TRUE,TRUE
450,ASV1155,-0.090691769,-0.207557632,0.340663023,0.360382181,-0.266221349,-0.575937555,1,1,1,1,FALSE,FALSE,TRUE,TRUE
451,ASV1160,-0.758141619,-0.699044713,0.360513371,0.375509304,-210.295.007.395.932,-1.861.590.926.045,1,1,1,1,FALSE,FALSE,TRUE,TRUE
452,ASV1162,-0.838377257,-0.146999146,0.353290747,0.365044475,-237.305.183.683.369,-0.402688318,1,1,1,1,FALSE,FALSE,TRUE,FALSE
453,ASV1163,-0.332318501,0.567946094,0.335155171,0.356346348,-0.99153625,159.380.360.612.308,1,1,1,1,FALSE,FALSE,TRUE,TRUE
454,ASV1172,0.67717956,0.440131972,0.343215393,0.352725011,197.304.542.050.655,124.780.482.821.757,1,1,1,1,FALSE,FALSE,FALSE,TRUE
455,ASV1177,-0.836353449,-0.520815309,0.345069228,0.356871591,-242.372.655.307.119,-145.939.134.190.636,1,1,1,1,FALSE,FALSE,FALSE,TRUE
456,ASV1189,178.747.520.650.241,179.831.465.287.258,0.338257733,0.352746147,528.435.873.658.713,509.804.193.733.358,0.001857442,0.002225679,0.016796742,0.017901016,TRUE,TRUE,FALSE,TRUE
457,ASV1190,0.86033823,0.98710862,0.332314043,0.353304444,258.893.131.004.947,279.393.207.981.468,1,1,1,1,FALSE,FALSE,TRUE,FALSE
458,ASV1197,-124.394.144.753.845,-0.646641983,0.335977778,0.35410534,-370.245.155.481.875,-18.261.288.649.913,1,1,1,1,FALSE,FALSE,TRUE,FALSE
459,ASV1200,-338.140.435.055.775,-160.133.306.668.732,0.363138308,0.362923694,-931.161.565.491.339,-44.123.133.723.811,0.000240412,0.006941568,0.002174035,0.055830649,TRUE,FALSE,FALSE,FALSE
460,ASV1205,-0.955524886,-0.792050244,0.341873775,0.36169936,-279.496.398.140.091,-218.980.272.620.283,1,1,1,1,FALSE,FALSE,TRUE,FALSE
461,ASV1212,0.528100667,0.807653948,0.33073341,0.352143732,159.675.633.105.421,229.353.492.800.681,1,1,1,1,FALSE,FALSE,TRUE,FALSE
462,ASV1214,0.528172786,-0.297569808,0.338101877,0.355503782,156.217.052.072.768,-0.837036967,1,1,1,1,FALSE,FALSE,FALSE,TRUE
463,ASV1215,-0.137589533,-0.659809503,0.337260384,0.35666475,-0.407962333,-184.994.312.843.605,1,1,1,1,FALSE,FALSE,TRUE,FALSE
464,ASV1220,-0.855999179,-0.327371237,0.332440585,0.353314036,-257.489.373.272.524,-0.926572975,1,1,1,1,FALSE,FALSE,TRUE,FALSE
465,ASV1227,-0.343512356,-12.669.864.626.167,0.341040654,0.359938046,-100.724.752.893.481,-352.001.261.310.464,1,1,1,1,FALSE,FALSE,TRUE,TRUE
466,ASV1229,-0.983807873,-0.412392778,0.346512753,0.36293431,-283.916.786.781.677,-113.627.388.353.401,1,1,1,1,FALSE,FALSE,TRUE,TRUE
467,ASV1238,NA,NA,NA,NA,NA,NA,1,1,1,1,FALSE,FALSE,TRUE,FALSE
468,ASV1239,0.21376112,-109.215.745.343.042,0.334440197,0.368107329,0.639160966,-296.695.384.002.845,1,1,1,1,FALSE,FALSE,TRUE,TRUE
469,ASV1241,0.142615973,200.494.915.036.978,0.337428503,0.355761448,0.422655382,563.565.603.848.392,0.690107378,0.002438959,1,0.022055374,FALSE,TRUE,TRUE,FALSE
470,ASV1243,-0.916144601,-0.846020257,0.34020882,0.360677846,-269.288.903.205.962,-234.563.965.146.831,1,1,1,1,FALSE,FALSE,FALSE,TRUE
471,ASV1246,-0.699758921,-188.082.310.219.224,0.347454034,0.367113448,-201.396.113.504.636,-512.327.487.365.973,0.137455899,0.014396368,1,0.130185558,FALSE,FALSE,FALSE,FALSE
472,ASV1251,NA,NA,NA,NA,NA,NA,1,1,1,1,FALSE,FALSE,TRUE,TRUE
473,ASV1265,-0.027559539,-0.573555466,0.344306502,0.361588583,-0.08004362,-158.621.010.791.392,1,1,1,1,FALSE,FALSE,TRUE,TRUE
474,ASV1266,-113.444.139.299.344,0.279677017,0.334836346,0.360371549,-33.880.473.458.943,0.776079624,1,1,1,1,FALSE,FALSE,TRUE,FALSE
475,ASV1268,-225.699.453.935.038,-310.352.939.961.761,0.344229282,0.36400146,-655.666.051.796.011,-852.614.548.187,1,1,1,1,FALSE,FALSE,TRUE,TRUE
476,ASV1275,-188.858.422.882.348,-219.659.900.425.011,0.342566353,0.36374964,-551.304.648.501.972,-603.876.611.949.864,0.000894106,0.000521742,0.007191246,0.004718083,TRUE,TRUE,FALSE,TRUE
477,ASV1282,135.291.152.409.646,-0.182939187,0.34136674,0.354485976,396.322.009.417.588,-0.516068898,1,1,1,1,FALSE,FALSE,FALSE,TRUE
478,ASV1288,-0.448791538,0.271860551,0.346812162,0.366477998,-129.404.786.677.089,0.741819568,1,1,1,1,FALSE,FALSE,TRUE,TRUE
479,ASV1290,-188.793.146.862.678,-0.740774176,0.343074715,0.36203434,-550.297.467.863.413,-204.614.340.557.689,1,1,1,1,FALSE,FALSE,FALSE,TRUE
480,ASV1291,-107.169.812.230.814,0.192263145,0.341258533,0.361308653,-314.042.879.034.289,0.532129921,1,1,1,1,FALSE,FALSE,TRUE,TRUE
481,ASV1299,-0.802179702,-0.60506893,0.34977054,0.369406674,-229.344.558.737.006,-163.794.801.902.265,1,1,1,1,FALSE,FALSE,TRUE,TRUE
482,ASV1311,0.657718801,0.813065438,0.337114484,0.358164389,195.102.504.610.493,22.700.901.141.723,1,1,1,1,FALSE,FALSE,TRUE,FALSE
483,ASV1315,NA,NA,NA,NA,NA,NA,1,1,1,1,FALSE,FALSE,TRUE,FALSE
484,ASV1319,NA,NA,NA,NA,NA,NA,1,1,1,1,FALSE,FALSE,TRUE,FALSE
485,ASV1322,-228.961.793.438.685,-220.632.990.668.407,0.346567864,0.366344738,-660.655.004.057.946,-60.225.511.009.749,1,1,1,1,FALSE,FALSE,TRUE,TRUE
486,ASV1329,0.559027763,0.598004885,0.339487588,0.353699023,164.668.100.776.395,169.071.681.377.215,1,1,1,1,FALSE,FALSE,TRUE,TRUE
487,ASV1331,-0.465922885,0.497305303,0.34774157,0.367398102,-133.985.385.953.989,135.358.702.005.626,1,1,1,1,FALSE,FALSE,TRUE,TRUE
488,ASV1348,-0.89867342,-0.560665592,0.345401173,0.365081085,-260.182.504.111.006,-153.572.895.100.443,1,1,1,1,FALSE,FALSE,TRUE,TRUE
489,ASV1350,-0.331867072,-0.795654026,0.342938386,0.360707743,-0.967716319,-220.581.354.825.517,1,1,1,1,FALSE,FALSE,TRUE,TRUE
490,ASV1351,NA,NA,NA,NA,NA,NA,1,1,1,1,FALSE,FALSE,TRUE,FALSE
491,ASV1357,-193.424.358.518.727,-176.883.488.725.307,0.341997636,0.364203455,-565.572.209.819.606,-485.672.188.008.092,1,1,1,1,FALSE,FALSE,TRUE,FALSE
492,ASV1368,NA,NA,NA,NA,NA,NA,1,1,1,1,FALSE,FALSE,TRUE,FALSE
493,ASV1370,-0.674527866,-0.718560529,0.338791386,0.357697526,-199.098.292.807.091,-200.884.959.332.857,1,1,1,1,FALSE,FALSE,FALSE,TRUE
494,ASV1375,102.859.132.016.998,0.661794591,0.341417629,0.360186703,301.270.711.565.962,183.736.541.338.584,1,1,1,1,FALSE,FALSE,TRUE,TRUE
495,ASV1376,180.073.446.036.529,224.075.836.843.377,0.347123901,0.366236142,518.758.418.486.748,611.834.309.022.851,1,1,1,1,FALSE,FALSE,TRUE,TRUE
496,ASV1378,-0.409991712,-0.222685618,0.339641532,0.35843228,-120.713.067.470.043,-0.621276684,1,1,1,1,FALSE,FALSE,TRUE,FALSE
497,ASV1380,-166.666.439.329.437,-131.483.781.968.154,0.339852627,0.359587223,-490.407.977.210.276,-365.651.985.773.384,1,1,1,1,FALSE,FALSE,TRUE,TRUE
498,ASV1385,-0.498943313,-0.474898928,0.342310863,0.361609929,-145.757.370.773.851,-131.329.062.029.399,1,1,1,1,FALSE,FALSE,TRUE,TRUE
499,ASV1389,NA,NA,NA,NA,NA,NA,1,1,1,1,FALSE,FALSE,TRUE,FALSE
500,ASV1395,0.956054458,-0.140625583,0.346036964,0.361588583,276.286.800.753.923,-0.388910462,1,1,1,1,FALSE,FALSE,TRUE,TRUE
501,ASV1398,0.160958308,116.847.463.778.081,0.343033176,0.361240478,0.46922082,323.461.712.482.093,1,1,1,1,FALSE,FALSE,TRUE,TRUE
502,ASV1405,-0.016155881,-0.773215087,0.34479535,0.364481286,-0.046856435,-212.141.231.034.599,1,1,1,1,FALSE,FALSE,TRUE,TRUE
503,ASV1407,-0.610250702,-105.516.136.010.233,0.341873775,0.36342224,-178.501.759.236.398,-290.340.338.242.672,1,1,1,1,FALSE,FALSE,TRUE,TRUE
504,ASV1408,-0.281047187,-0.421928435,0.338259623,0.359216956,-0.830862355,-117.457.828.131.152,1,1,1,1,FALSE,FALSE,TRUE,TRUE
505,ASV1414,-0.803421398,-0.810033117,0.347662166,0.361588583,-231.092.559.523.571,-224.020.656.201.443,1,1,1,1,FALSE,FALSE,TRUE,TRUE
506,ASV1415,0.071127375,0.401023668,0.349192251,0.35937797,0.203691161,111.588.272.567.949,1,1,1,1,FALSE,FALSE,TRUE,TRUE
507,ASV1422,-0.431818516,-103.695.651.641.859,0.334934096,0.3562307,-128.926.413.172.807,-291.091.283.481.604,1,1,1,1,FALSE,FALSE,TRUE,TRUE
508,ASV1423,-0.750358369,-0.628903747,0.337640307,0.36279963,-222.236.016.628.728,-173.347.405.575.048,1,1,1,1,FALSE,FALSE,TRUE,FALSE
509,ASV1432,-0.998067625,-0.244123558,0.342168202,0.364020589,-291.689.181.094.542,-0.670631181,1,1,1,1,FALSE,FALSE,TRUE,TRUE
510,ASV1433,NA,NA,NA,NA,NA,NA,1,1,1,1,FALSE,FALSE,TRUE,FALSE
511,ASV1441,-0.345855213,0.69533646,0.339696528,0.35965424,-101.812.996.357.795,193.334.704.209.856,1,1,1,1,FALSE,FALSE,TRUE,FALSE
512,ASV1445,-0.234797782,-0.504206965,0.337306805,0.357766423,-0.696095598,-140.931.885.376.175,1,1,1,1,FALSE,FALSE,TRUE,TRUE
513,ASV1447,-0.760385514,0.441801544,0.337530255,0.359184113,-225.279.216.777.705,123.001.415.473.082,1,1,1,1,FALSE,FALSE,TRUE,FALSE
514,ASV1451,-103.445.777.558.375,-211.901.471.754.874,0.346276597,0.363920835,-298.737.421.385.132,-582.273.536.253.589,1,1,1,1,FALSE,FALSE,TRUE,TRUE
515,ASV1457,-0.996720774,-0.358440608,0.337199307,0.360345741,-295.588.026.143.876,-0.994713044,1,1,1,1,FALSE,FALSE,TRUE,FALSE
516,ASV1459,-0.357395397,141.570.515.583.246,0.339405924,0.350381601,-105.300.282.730.817,404.046.659.401.436,1,1,1,1,FALSE,FALSE,TRUE,TRUE
517,ASV1468,-0.102478794,0.464645614,0.33926743,0.360128559,-0.302059039,129.022.151.158.068,1,1,1,1,FALSE,FALSE,TRUE,FALSE
518,ASV1469,NA,NA,NA,NA,NA,NA,1,1,1,1,FALSE,FALSE,TRUE,FALSE
519,ASV1471,-0.27244577,0.607335062,0.337076555,0.359007925,-0.808260813,16.917.037.747.746,1,1,1,1,FALSE,FALSE,TRUE,TRUE
520,ASV1489,-114.629.828.916.229,-0.469387099,0.346977698,0.36664188,-330.366.560.774.025,-128.023.317.819.516,1,1,1,1,FALSE,FALSE,TRUE,TRUE
521,ASV1511,-0.648292688,-118.149.732.513.186,0.34471131,0.364398081,-188.068.296.502.325,-324.232.587.385.532,1,1,1,1,FALSE,FALSE,TRUE,TRUE
522,ASV1526,-0.523168491,-0.036989751,0.337857341,0.360180679,-154.848.933.935.677,-0.102697765,1,1,1,1,FALSE,FALSE,TRUE,FALSE
523,ASV1530,NA,NA,NA,NA,NA,NA,1,1,1,1,FALSE,FALSE,TRUE,FALSE
524,ASV1531,-120.806.248.282.939,-0.528226277,0.346567864,0.366236142,-348.578.910.266.807,-14.423.106.202.272,1,1,1,1,FALSE,FALSE,TRUE,TRUE
525,ASV1534,-133.492.048.231.012,-0.406283518,0.346070084,0.363920835,-385.737.035.905.208,-111.640.631.382.595,1,1,1,1,FALSE,FALSE,TRUE,TRUE
526,ASV1538,-0.59889703,-0.660134335,0.344229282,0.366179689,-173.982.012.091.697,-180.276.065.172.863,1,1,1,1,FALSE,FALSE,TRUE,TRUE
527,ASV1541,-0.653322407,-117.434.054.713.938,0.342331499,0.369199989,-190.844.958.407.042,-318.077.080.698.201,1,1,1,1,FALSE,FALSE,TRUE,TRUE
528,ASV1542,-0.645248514,-0.338602584,0.339516017,0.359263726,-190.049.506.515.026,-0.94249032,1,1,1,1,FALSE,FALSE,TRUE,TRUE
529,ASV1544,-0.443370432,-0.284177388,0.337162741,0.357039616,-13.150.042.342.036,-0.795926769,1,1,1,1,FALSE,FALSE,TRUE,FALSE
530,ASV1554,-0.200876103,0.552325439,0.339594801,0.360288513,-0.591517017,153.300.874.044.211,1,1,1,1,FALSE,FALSE,TRUE,TRUE
531,ASV1556,0.773592054,-0.043526613,0.355065566,0.366236142,21.787.301.513.191,-0.118848493,1,1,1,1,FALSE,FALSE,TRUE,TRUE
532,ASV1562,187.736.390.595.135,0.741582397,0.33874673,0.356871591,554.208.716.904.731,207.800.905.645.738,0.005183449,0.106262092,0.046873644,0.854660138,TRUE,FALSE,TRUE,TRUE
533,ASV1568,193.296.422.330.459,0.512844478,0.337556115,0.358483415,572.634.930.514.475,143.059.471.504.797,0.00460392,0.22578407,0.041632995,1,TRUE,FALSE,FALSE,TRUE
534,ASV1569,NA,NA,NA,NA,NA,NA,1,1,1,1,FALSE,FALSE,TRUE,FALSE
535,ASV1572,0.211941469,0.90717159,0.354549684,0.361588583,0.597776499,250.885.020.096.261,1,1,1,1,FALSE,FALSE,TRUE,TRUE
536,ASV1585,-104.088.274.116.228,0.067485285,0.346567864,0.366236142,-300.340.236.359.375,0.184267135,1,1,1,1,FALSE,FALSE,TRUE,TRUE
537,ASV1598,0.844399805,344.122.347.185.121,0.341964546,0.359776907,24.692.612.546.113,956.488.148.535.844,0.069001457,0.000667468,0.55497491,0.006035876,FALSE,TRUE,TRUE,FALSE
538,ASV1599,0.550910104,0.323363589,0.339505076,0.360126559,162.268.591.532.432,0.897916526,1,1,1,1,FALSE,FALSE,TRUE,FALSE
539,ASV1609,-0.827311643,-108.783.326.256.363,0.346567864,0.366236142,-23.871.562.525.453,-297.030.559.791.198,1,1,1,1,FALSE,FALSE,TRUE,TRUE
540,ASV1625,-127.980.796.405.076,0.240735867,0.335511507,0.358950265,-381.449.797.578.874,0.670666358,1,1,1,1,FALSE,FALSE,FALSE,TRUE
541,ASV1630,-0.417590152,0.078292221,0.334998479,0.355825441,-124.654.342.639.559,0.220029857,1,1,1,1,FALSE,FALSE,TRUE,TRUE
542,ASV1647,-0.450859127,-0.131814087,0.340750855,0.354018148,-13.231.342.512.569,-0.37233709,1,1,1,1,FALSE,FALSE,TRUE,TRUE
543,ASV1649,NA,NA,NA,NA,NA,NA,1,1,1,1,FALSE,FALSE,TRUE,FALSE
544,ASV1650,-123.515.255.142.394,-0.535626933,0.33641745,0.357054106,-367.148.776.966.652,-150.012.819.712.667,0.010435758,0.184248547,0.094369985,1,FALSE,FALSE,FALSE,FALSE
545,ASV1662,-0.644038992,-0.168605798,0.346567864,0.366236142,-185.833.442.454.088,-0.460374548,1,1,1,1,FALSE,FALSE,TRUE,TRUE
546,ASV1681,-215.296.124.108.993,-0.728635786,0.341873775,0.361830899,-629.753.260.273.423,-201.374.672.139.211,1,1,1,1,FALSE,FALSE,TRUE,FALSE
547,ASV1693,-0.021582859,0.007388275,0.344362924,0.364057155,-0.062674747,0.020294271,1,1,1,1,FALSE,FALSE,TRUE,TRUE
548,ASV1698,-0.68712511,-0.07834022,0.347119411,0.366236142,-19.795.064.388.623,-0.213906304,1,1,1,1,FALSE,FALSE,TRUE,TRUE
549,ASV1716,-123.946.181.901.617,-0.567378909,0.339901995,0.359995676,-36.465.270.497.245,-157.607.145.551.986,1,1,1,1,FALSE,FALSE,TRUE,TRUE
550,ASV1727,-144.029.040.830.209,-0.887193626,0.342252711,0.36529713,-420.826.588.897.744,-242.869.038.180.759,1,1,1,1,FALSE,FALSE,TRUE,TRUE
551,ASV1729,-143.625.137.951.288,-0.844446403,0.339942091,0.360935076,-422.498.835.988.532,-233.960.748.133.382,0.008288018,0.06641259,0.074948089,0.534152791,FALSE,FALSE,FALSE,TRUE
552,ASV1730,-0.591297111,0.411366659,0.345524048,0.365565422,-171.130.522.850.358,112.528.875.859.537,1,1,1,1,FALSE,FALSE,TRUE,TRUE
553,ASV1732,0.511275032,-0.135826486,0.342623035,0.36444388,149.223.776.321.793,-0.372695205,1,1,1,1,FALSE,FALSE,TRUE,FALSE
554,ASV1736,-0.895811752,-0.577861812,0.336524246,0.36171209,-266.195.307.529.992,-159.757.394.991.605,1,1,1,1,FALSE,FALSE,TRUE,FALSE
555,ASV1742,NA,NA,NA,NA,NA,NA,1,1,1,1,FALSE,FALSE,TRUE,TRUE
556,ASV1747,NA,NA,NA,NA,NA,NA,1,1,1,1,FALSE,FALSE,TRUE,TRUE
557,ASV1767,-0.070180505,103.168.486.610.639,0.337537954,0.356935343,-0.207918855,289.039.705.841.692,1,1,1,1,FALSE,FALSE,TRUE,TRUE
558,ASV1768,-0.837727617,-0.353028244,0.33740907,0.357697454,-248.282.483.302.849,-0.98694648,1,1,1,1,FALSE,FALSE,TRUE,TRUE
559,ASV1771,-103.532.510.728.837,-0.039461753,0.346906675,0.366571567,-298.444.850.191.254,-0.107650882,1,1,1,1,FALSE,FALSE,TRUE,TRUE
560,ASV1794,-0.737742009,-269.794.304.042.523,0.344809808,0.364495601,-213.956.213.350.507,-740.185.350.392.842,1,1,1,1,FALSE,FALSE,TRUE,TRUE
561,ASV1801,0.413462607,117.546.366.521.822,0.345339606,0.364008539,119.726.379.440.065,322.922.002.828.025,1,1,1,1,FALSE,FALSE,TRUE,TRUE
562,ASV1806,NA,NA,NA,NA,NA,NA,1,1,1,1,FALSE,FALSE,TRUE,FALSE
563,ASV1807,-10.053.959.152.208,-0.152829926,0.346567864,0.366236142,-290.100.733.609.039,-0.417298865,1,1,1,1,FALSE,FALSE,TRUE,TRUE
564,ASV1816,-0.545105243,0.156324896,0.34657315,0.366241375,-157.284.326.223.212,0.426835706,1,1,1,1,FALSE,FALSE,TRUE,TRUE
565,ASV1827,-0.554510338,-0.900070576,0.339245489,0.358572028,-163.454.004.540.648,-251.015.278.939.561,1,1,1,1,FALSE,FALSE,TRUE,TRUE
566,ASV1829,-0.170894583,0.472576156,0.348109513,0.367762354,-0.490921898,128.500.416.357.828,1,1,1,1,FALSE,FALSE,TRUE,TRUE
567,ASV1843,0.324257696,0.651220435,0.338607161,0.361485651,0.957622087,180.151.116.075.959,1,1,1,1,FALSE,FALSE,TRUE,FALSE
568,ASV1845,0.555073688,-0.440103238,0.341787136,0.360718215,162.403.329.574.816,-122.007.489.421.829,1,1,1,1,FALSE,FALSE,TRUE,TRUE
569,ASV1846,0.437954644,0.95859854,0.346567864,0.366236142,126.369.086.543.548,261.743.293.634.874,1,1,1,1,FALSE,FALSE,TRUE,TRUE
570,ASV1859,0.148602205,-0.07148462,0.340162235,0.360658644,0.436856856,-0.198205758,1,1,1,1,FALSE,FALSE,TRUE,TRUE
571,ASV1868,-0.313819813,0.628452535,0.350197889,0.368211262,-0.896121371,170.677.162.885.084,1,1,1,1,FALSE,FALSE,TRUE,TRUE
572,ASV1874,NA,NA,NA,NA,NA,NA,1,1,1,1,FALSE,FALSE,TRUE,FALSE
573,ASV1882,-150.649.677.164.794,0.51880305,0.342456198,0.364336056,-439.909.331.150.105,142.396.845.498.998,1,1,1,1,FALSE,FALSE,TRUE,TRUE
574,ASV1894,-0.61006809,-0.27290052,0.346657122,0.366280328,-175.986.025.272.024,-0.745059177,1,1,1,1,FALSE,FALSE,TRUE,TRUE
575,ASV1908,0.039925528,0.425999387,0.333601627,0.352145899,0.119680256,120.972.411.632.213,1,1,1,1,FALSE,FALSE,TRUE,FALSE
576,ASV1911,0.482077399,0.048520461,0.346731797,0.36313183,139.034.666.615.805,0.133616657,1,1,1,1,FALSE,FALSE,TRUE,TRUE
577,ASV1912,-0.62827791,-0.513576013,0.343182549,0.359670336,-183.073.968.025.624,-142.790.761.940.758,1,1,1,1,FALSE,FALSE,TRUE,TRUE
578,ASV1917,181.595.900.651.747,189.029.197.686.889,0.334765088,0.355980999,542.457.702.204.857,531.009.234.035.054,0.002884431,0.003165748,0.025461937,0.025461937,TRUE,TRUE,FALSE,FALSE
579,ASV1929,-124.411.924.667.873,0.634598975,0.348900018,0.363920835,-356.583.314.369.119,174.378.302.406.694,1,1,1,1,FALSE,FALSE,TRUE,TRUE
580,ASV1942,0.172074987,-0.919974069,0.340433487,0.364325651,0.505458463,-25.251.421.822.153,1,1,1,1,FALSE,FALSE,TRUE,TRUE
581,ASV1953,NA,NA,NA,NA,NA,NA,1,1,1,1,FALSE,FALSE,TRUE,FALSE
582,ASV1961,-240.993.105.035.179,-0.82803621,0.344290286,0.363920835,-699.970.678.637.186,-227.531.960.022.811,1,1,1,1,FALSE,FALSE,TRUE,TRUE
583,ASV1968,NA,NA,NA,NA,NA,NA,1,1,1,1,FALSE,FALSE,TRUE,FALSE
584,ASV1988,-0.569239693,-0.537400691,0.337357432,0.357085894,-16.873.489.041.831,-150.496.197.138.608,1,1,1,1,FALSE,FALSE,TRUE,TRUE
585,ASV1992,-0.150785737,0.917521054,0.340238139,0.362932974,-0.443177056,252.807.300.677.254,1,1,1,1,FALSE,FALSE,TRUE,FALSE
586,ASV1998,123.280.909.568.096,133.958.999.761.015,0.342150046,0.361998207,360.312.415.564.187,370.054.318.830.383,1,1,1,1,FALSE,FALSE,TRUE,FALSE
587,ASV2001,-259.553.396.305.954,-112.063.059.241.799,0.344229282,0.366284079,-754.013.125.061.226,-305.945.755.557.254,1,1,1,1,FALSE,FALSE,TRUE,FALSE
588,ASV2019,NA,NA,NA,NA,NA,NA,1,1,1,1,FALSE,FALSE,TRUE,TRUE
589,ASV2028,-0.827943439,-0.663416057,0.347374208,0.359387861,-238.343.382.757.581,-18.459.612.286.961,1,1,1,1,FALSE,FALSE,TRUE,TRUE
590,ASV2034,NA,NA,NA,NA,NA,NA,1,1,1,1,FALSE,FALSE,TRUE,TRUE
591,ASV2038,-0.619894442,-0.246315507,0.346567864,0.366236142,-178.866.683.050.917,-0.672559255,1,1,1,1,FALSE,FALSE,TRUE,TRUE
592,ASV2067,-0.826132813,-0.29943546,0.344286784,0.364969342,-239.954.843.380.747,-0.820440036,1,1,1,1,FALSE,FALSE,TRUE,TRUE
593,ASV2071,0.296608158,-0.720142178,0.345516759,0.361588583,0.858447963,-199.160.651.214.415,1,1,1,1,FALSE,FALSE,FALSE,TRUE
594,ASV2083,148.992.023.315.169,0.178625702,0.346570792,0.366236142,42.990.357.758.398,0.487733682,1,1,1,1,FALSE,FALSE,TRUE,TRUE
595,ASV2092,NA,NA,NA,NA,NA,NA,1,1,1,1,FALSE,FALSE,TRUE,TRUE
596,ASV2093,119.430.554.311.493,0.461681861,0.345044934,0.362384497,346.130.438.974.673,127.401.106.903.136,1,1,1,1,FALSE,FALSE,TRUE,TRUE
597,ASV2094,-0.001199261,-0.056180063,0.346567864,0.366322714,-0.003460392,-0.153362215,1,1,1,1,FALSE,FALSE,TRUE,TRUE
598,ASV2126,-0.35132294,-0.22069567,0.340178422,0.359375426,-10.327.608.023.089,-0.614108963,1,1,1,1,FALSE,FALSE,TRUE,TRUE
599,ASV2136,0.221096695,0.91285476,0.344231322,0.363920835,0.642291042,250.838.828.516.725,1,1,1,1,FALSE,FALSE,TRUE,TRUE
600,ASV2151,-0.848852024,-0.450658095,0.341922875,0.361626826,-248.258.331.280.553,-124.619.652.655.481,1,1,1,1,FALSE,FALSE,TRUE,TRUE
601,ASV2164,0.294114905,0.26054572,0.344024758,0.374119572,0.854923658,0.696423656,1,1,1,1,FALSE,FALSE,TRUE,TRUE
602,ASV2166,-0.621215876,-0.486818976,0.344340765,0.363920835,-180.407.299.396.445,-133.770.569.990.063,1,1,1,1,FALSE,FALSE,TRUE,TRUE
603,ASV2169,NA,NA,NA,NA,NA,NA,1,1,1,1,FALSE,FALSE,FALSE,FALSE
604,ASV2171,NA,NA,NA,NA,NA,NA,1,1,1,1,FALSE,FALSE,TRUE,TRUE
605,ASV2196,183.214.775.769.304,197.366.145.073.954,0.341873775,0.3619979,535.913.513.763.828,545.213.507.737.354,0.012713391,0.012120622,0.102253103,0.102253103,FALSE,FALSE,FALSE,TRUE
606,ASV2198,0.334017902,0.397576909,0.339731775,0.358550354,0.983181223,110.884.539.453.422,1,1,1,1,FALSE,FALSE,TRUE,TRUE
607,ASV2199,126.848.786.075.272,-0.072951752,0.342175051,0.361782776,370.713.135.506.564,-0.201645176,1,1,1,1,FALSE,FALSE,TRUE,TRUE
608,ASV2201,-0.832795957,-101.942.321.543.189,0.344229282,0.377714109,-241.930.597.392.761,-269.892.808.008.514,1,1,1,1,FALSE,FALSE,TRUE,TRUE
609,ASV2202,-0.741328222,0.034994843,0.344528993,0.364217574,-215.171.505.958.821,0.096082247,1,1,1,1,FALSE,FALSE,TRUE,TRUE
610,ASV2213,NA,NA,NA,NA,NA,NA,1,1,1,1,FALSE,FALSE,TRUE,TRUE
611,ASV2227,-0.682251005,-0.716083262,0.348951972,0.363920835,-195.514.300.000.526,-196.768.965.177.181,1,1,1,1,FALSE,FALSE,TRUE,TRUE
612,ASV2229,-0.67059481,0.094634667,0.346567864,0.366236142,-193.495.958.547.754,0.258397946,1,1,1,1,FALSE,FALSE,TRUE,TRUE
613,ASV2230,0.322818567,0.083054276,0.34424524,0.363936636,0.937757535,0.228210814,1,1,1,1,FALSE,FALSE,TRUE,TRUE
614,ASV2231,-127.495.454.557.232,-0.594498837,0.339500956,0.359949318,-375.537.836.599.703,-165.161.817.960.802,1,1,1,1,FALSE,FALSE,TRUE,FALSE
615,ASV2234,-0.909204533,-0.435006912,0.343025133,0.363396641,-26.505.478.605.356,-119.705.815.090.491,1,1,1,1,FALSE,FALSE,TRUE,TRUE
616,ASV2236,12.754.315.747.825,-0.044448348,0.346804527,0.363920835,367.766.702.881.564,-0.12213741,1,1,1,1,FALSE,FALSE,TRUE,TRUE
617,ASV2258,-102.170.359.492.064,-208.901.003.850.796,0.3580342,0.362689591,-285.364.804.498.532,-575.977.389.356.037,0.046225052,0.004507472,0.371785543,0.040760821,FALSE,TRUE,FALSE,FALSE
618,ASV2262,11.001.268.408.519,100.945.159.059.134,0.343579492,0.361603319,320.195.723.789.674,279.159.935.181.528,1,1,1,1,FALSE,FALSE,TRUE,FALSE
619,ASV2276,NA,NA,NA,NA,NA,NA,1,1,1,1,FALSE,FALSE,TRUE,FALSE
620,ASV2287,0.587492376,0.973692864,0.345343838,0.37474436,170.118.100.223.534,259.828.557.133.572,1,1,1,1,FALSE,FALSE,TRUE,FALSE
621,ASV2294,0.839080399,0.388688145,0.340739084,0.359592295,246.253.053.452.596,108.091.344.010.779,1,1,1,1,FALSE,FALSE,TRUE,FALSE
622,ASV2295,-120.306.103.996.636,-0.591875166,0.346567864,0.366236142,-347.135.775.058.375,-161.610.255.904.755,1,1,1,1,FALSE,FALSE,TRUE,TRUE
623,ASV2301,0.40369201,0.986814795,0.337397381,0.35528918,119.648.827.591.716,277.749.745.677.585,1,1,1,1,FALSE,FALSE,TRUE,TRUE
624,ASV2303,-0.601825736,-0.975212741,0.348592851,0.367005132,-17.264.431.385.723,-265.721.826.708.856,1,1,1,1,FALSE,FALSE,TRUE,TRUE
625,ASV2307,NA,NA,NA,NA,NA,NA,1,1,1,1,FALSE,FALSE,TRUE,TRUE
626,ASV2316,-32.071.110.630.509,0.872503919,0.3502053,0.369837049,-915.780.275.899.061,235.915.769.099.214,1,1,1,1,FALSE,FALSE,FALSE,TRUE
627,ASV2324,-0.063255155,0.514204709,0.346485629,0.363920835,-0.182562132,141.295.759.655.591,1,1,1,1,FALSE,FALSE,TRUE,TRUE
628,ASV2338,-0.879142124,-0.795586795,0.346567864,0.367170724,-253.670.987.845.868,-216.680.345.870.116,1,1,1,1,FALSE,FALSE,TRUE,TRUE
629,ASV2343,NA,NA,NA,NA,NA,NA,1,1,1,1,FALSE,FALSE,FALSE,TRUE
630,ASV2344,0.671841013,0.83261907,0.342415205,0.361588583,196.206.536.066.235,230.266.968.602.465,1,1,1,1,FALSE,FALSE,TRUE,TRUE
631,ASV2363,0.23130066,0.340339103,0.342330573,0.361797866,0.675664631,0.94068853,1,1,1,1,FALSE,FALSE,TRUE,TRUE
632,ASV2373,NA,NA,NA,NA,NA,NA,1,1,1,1,FALSE,FALSE,TRUE,TRUE
633,ASV2374,NA,NA,NA,NA,NA,NA,1,1,1,1,FALSE,FALSE,TRUE,TRUE
634,ASV2375,NA,NA,NA,NA,NA,NA,1,1,1,1,FALSE,FALSE,TRUE,FALSE
635,ASV2379,177.453.494.736.979,102.541.069.052.093,0.346156122,0.367724918,512.640.058.180.252,278.852.653.512.278,1,1,1,1,FALSE,FALSE,TRUE,TRUE
636,ASV2384,NA,NA,NA,NA,NA,NA,1,1,1,1,FALSE,FALSE,TRUE,FALSE
637,ASV2387,-0.670615722,-0.193482384,0.344246615,0.363920835,-194.806.773.009.373,-0.531660639,1,1,1,1,FALSE,FALSE,TRUE,FALSE
638,ASV2401,-24.532.990.724.039,-0.874717547,0.339500956,0.362178243,-722.619.194.058.446,-241.515.763.104.102,1,1,1,1,FALSE,FALSE,TRUE,FALSE
639,ASV2413,-181.268.880.486.059,0.318477014,0.342084472,0.362387405,-529.895.085.454.525,0.878830251,1,1,1,1,FALSE,FALSE,TRUE,TRUE
640,ASV2415,-0.454063367,-0.512220063,0.348357244,0.365970717,-130.344.172.375.209,-139.962.035.031.841,1,1,1,1,FALSE,FALSE,TRUE,TRUE
641,ASV2419,148.192.347.250.808,-0.610007179,0.347342959,0.366236142,426.645.606.312.227,-166.561.163.511.004,1,1,1,1,FALSE,FALSE,TRUE,TRUE
642,ASV2424,-0.634360963,0.867994159,0.34430169,0.36402756,-184.245.672.109.234,238.441.880.744.061,1,1,1,1,FALSE,FALSE,TRUE,TRUE
643,ASV2439,-150.549.108.371.043,0.609678098,0.33976965,0.360757349,-443.091.690.442.401,168.999.494.803.347,1,1,1,1,FALSE,FALSE,TRUE,FALSE
644,ASV2444,-102.444.834.681.501,-221.116.828.835.026,0.340603271,0.364008726,-300.774.665.240.813,-60.744.925.363.037,1,1,1,1,FALSE,FALSE,TRUE,TRUE
645,ASV2503,NA,NA,NA,NA,NA,NA,1,1,1,1,FALSE,FALSE,TRUE,TRUE
646,ASV2504,0.082483356,0.593500829,0.355757093,0.389449563,0.231853019,152.394.786.173.657,1,1,1,1,FALSE,FALSE,TRUE,TRUE
647,ASV2512,NA,NA,NA,NA,NA,NA,1,1,1,1,FALSE,FALSE,TRUE,FALSE
648,ASV2518,NA,NA,NA,NA,NA,NA,1,1,1,1,FALSE,FALSE,TRUE,TRUE
649,ASV2523,-0.027125367,0.282974353,0.344201027,0.36287451,-0.078806758,0.779813255,1,1,1,1,FALSE,FALSE,TRUE,TRUE
650,ASV2528,NA,NA,NA,NA,NA,NA,1,1,1,1,FALSE,FALSE,TRUE,FALSE
651,ASV2539,0.51919572,0.164809487,0.339810819,0.36023833,152.789.638.027.836,0.457501253,1,1,1,1,FALSE,FALSE,TRUE,FALSE
652,ASV2558,-0.01891793,185.592.694.860.487,0.358390946,0.36659475,-0.052785736,506.261.190.872.325,1,1,1,1,FALSE,FALSE,TRUE,TRUE
653,ASV2559,-189.578.499.764.945,-242.453.905.919.104,0.347716049,0.3599179,-545.210.668.515.355,-673.636.699.048.378,0.012120797,0.006679898,0.097486901,0.060405946,FALSE,FALSE,FALSE,FALSE
654,ASV2567,0.431641521,0.099175979,0.346567864,0.366244858,124.547.474.355.911,0.270791458,1,1,1,1,FALSE,FALSE,TRUE,FALSE
655,ASV2568,-0.751680654,-189.283.197.271.389,0.346567864,0.370356306,-216.892.774.216.589,-511.084.040.781.137,1,1,1,1,FALSE,FALSE,TRUE,TRUE
656,ASV2576,NA,NA,NA,NA,NA,NA,1,1,1,1,FALSE,FALSE,TRUE,FALSE
657,ASV2593,0.313130507,0.718874225,0.341873775,0.361608326,0.915924327,198.799.135.071.641,1,1,1,1,FALSE,FALSE,TRUE,FALSE
658,ASV2624,-0.841820668,-0.374124383,0.346755303,0.366236142,-242.770.813.133.616,-102.153.867.409.178,1,1,1,1,FALSE,FALSE,TRUE,TRUE
659,ASV2631,-0.41484257,0.987002113,0.337814586,0.358670203,-122.801.852.467.365,275.183.749.731.216,1,1,1,1,FALSE,FALSE,TRUE,FALSE
660,ASV2658,-0.07521209,0.425384393,0.344084368,0.362462804,-0.218586186,117.359.460.966.221,1,1,1,1,FALSE,FALSE,TRUE,TRUE
661,ASV2670,-0.284508562,-0.600086525,0.33965877,0.356673398,-0.83763055,-168.245.383.092.832,1,1,1,1,FALSE,FALSE,TRUE,TRUE
662,ASV2693,-0.006166562,0.409884092,0.3419306,0.361981963,-0.018034541,113.233.291.713.591,1,1,1,1,FALSE,FALSE,TRUE,FALSE
663,ASV2695,-131.771.398.153.231,-0.350615197,0.346567864,0.369463731,-380.218.167.730.928,-0.948984075,1,1,1,1,FALSE,FALSE,TRUE,TRUE
664,ASV2696,-0.50786993,-0.292024466,0.346567864,0.36638128,-146.542.707.336.326,-0.797050728,1,1,1,1,FALSE,FALSE,TRUE,TRUE
665,ASV2699,NA,NA,NA,NA,NA,NA,1,1,1,1,FALSE,FALSE,TRUE,TRUE
666,ASV2719,0.387830025,-0.429768318,0.346347086,0.361588583,111.977.274.002.986,-118.855.610.507.037,1,1,1,1,FALSE,FALSE,TRUE,TRUE
667,ASV2737,-0.263286598,0.122969408,0.344229282,0.364366816,-0.764858228,0.337487945,1,1,1,1,FALSE,FALSE,TRUE,FALSE
668,ASV2739,0.729661624,130.838.245.748.879,0.346567864,0.366376274,210.539.320.075.877,357.114.406.560.263,1,1,1,1,FALSE,FALSE,TRUE,TRUE
669,ASV2751,-0.335559227,0.275734343,0.34281996,0.363189314,-0.978820563,0.759202797,1,1,1,1,FALSE,FALSE,TRUE,TRUE
670,ASV2753,NA,NA,NA,NA,NA,NA,1,1,1,1,FALSE,FALSE,TRUE,TRUE
671,ASV2758,NA,NA,NA,NA,NA,NA,1,1,1,1,FALSE,FALSE,TRUE,FALSE
672,ASV2759,0.147891151,-0.557363274,0.346746432,0.363920835,0.426510953,-153.155.087.655.118,1,1,1,1,FALSE,FALSE,TRUE,TRUE
673,ASV2771,-0.535078465,0.20882264,0.345557478,0.364135157,-154.844.996.611.777,0.573475634,1,1,1,1,FALSE,FALSE,TRUE,FALSE
674,ASV2797,0.520047079,136.838.989.176.862,0.344229282,0.36392967,151.075.782.062.486,376.003.937.768.311,1,1,1,1,FALSE,FALSE,TRUE,TRUE
675,ASV2826,105.384.451.878.931,0.591281871,0.342843247,0.361588583,307.383.775.931.737,16.352.337.933.358,1,1,1,1,FALSE,FALSE,FALSE,TRUE
676,ASV2834,-0.043375906,0.51201334,0.3474275,0.366236142,-0.1248488,13.980.415.390.438,1,1,1,1,FALSE,FALSE,TRUE,TRUE
677,ASV2854,-151.455.819.096.555,-117.111.975.521.132,0.352951345,0.380124988,-429.112.458.288.939,-30.808.807.441.013,1,1,1,1,FALSE,FALSE,FALSE,TRUE
678,ASV2896,-119.044.404.835.722,-0.667542007,0.344670801,0.363920835,-345.385.813.287.272,-183.430.554.596.574,1,1,1,1,FALSE,FALSE,TRUE,TRUE
679,ASV2903,0.630256836,158.191.687.920.267,0.34430395,0.363920835,183.052.455.738.432,434.687.087.203.488,1,1,1,1,FALSE,FALSE,TRUE,TRUE
680,ASV2929,-0.020733824,0.505163748,0.344233158,0.363920835,-0.060231919,138.811.438.821.669,1,1,1,1,FALSE,FALSE,TRUE,TRUE
681,ASV2934,NA,NA,NA,NA,NA,NA,1,1,1,1,FALSE,FALSE,TRUE,FALSE
682,ASV2936,-149.551.858.452.043,-0.888190258,0.346567864,0.367399665,-431.522.579.241.878,-2.417.504.265.514,1,1,1,1,FALSE,FALSE,TRUE,TRUE
683,ASV2939,0.875943016,0.669946875,0.346570178,0.366238433,25.274.621.744.181,182.926.425.451.946,1,1,1,1,FALSE,FALSE,TRUE,TRUE
684,ASV2940,-0.61468848,0.439747525,0.344795824,0.363920835,-178.276.080.022.197,120.836.039.622.803,1,1,1,1,FALSE,FALSE,TRUE,TRUE
685,ASV2955,NA,NA,NA,NA,NA,NA,1,1,1,1,FALSE,FALSE,TRUE,FALSE
686,ASV2974,NA,NA,NA,NA,NA,NA,1,1,1,1,FALSE,FALSE,TRUE,FALSE
687,ASV2983,-0.342415512,-0.186929405,0.344651387,0.363920835,-0.993512649,-0.513654035,1,1,1,1,FALSE,FALSE,TRUE,TRUE
688,ASV2991,-0.321559696,0.52277902,0.344229282,0.364352048,-0.934143936,14.348.183.924.309,1,1,1,1,FALSE,FALSE,TRUE,FALSE
689,ASV2992,NA,NA,NA,NA,NA,NA,1,1,1,1,FALSE,FALSE,TRUE,TRUE
690,ASV3065,-147.402.761.027.885,0.147922754,0.346034912,0.363920835,-425.976.559.286.446,0.406469594,1,1,1,1,FALSE,FALSE,TRUE,TRUE
691,ASV3091,-0.028567769,0.199019164,0.344311478,0.363961529,-0.082970714,0.546813739,1,1,1,1,FALSE,FALSE,TRUE,TRUE
692,ASV3111,0.475598174,0.60049523,0.342371096,0.361588583,138.913.062.356.539,166.071.402.105.698,1,1,1,1,FALSE,FALSE,TRUE,TRUE
693,ASV3116,-326.752.160.433.242,-24.405.923.908.068,0.343828467,0.36191849,-950.334.809.535.015,-674.348.634.121.609,1,1,1,1,FALSE,FALSE,TRUE,TRUE
694,ASV3138,-0.199270861,-0.828406043,0.346567864,0.366258383,-0.574983667,-226.180.773.372.929,1,1,1,1,FALSE,FALSE,TRUE,FALSE
695,ASV3148,0.379767682,0.38970942,0.344246746,0.363920835,110.318.452.247.877,107.086.317.220.247,1,1,1,1,FALSE,FALSE,TRUE,TRUE
696,ASV3232,0.349430743,0.096927338,0.34456393,0.365411907,101.412.455.894.555,0.265255006,1,1,1,1,FALSE,FALSE,TRUE,TRUE
697,ASV3241,-0.109682864,-0.834302065,0.345873461,0.365548669,-0.317118473,-228.232.827.777.395,1,1,1,1,FALSE,FALSE,TRUE,FALSE
698,ASV3255,NA,NA,NA,NA,NA,NA,1,1,1,1,FALSE,FALSE,TRUE,TRUE
699,ASV3265,-0.09943461,0.19846616,0.340736463,0.359950654,-0.291822627,0.551370467,1,1,1,1,FALSE,FALSE,TRUE,TRUE
700,ASV3297,0.51285686,0.694760808,0.346305963,0.364515839,148.093.568.694.773,190.598.249.374.765,1,1,1,1,FALSE,FALSE,TRUE,TRUE
701,ASV3323,-0.638962367,-0.495179434,0.346669248,0.366436854,-184.314.694.848.635,-135.133.633.134.276,1,1,1,1,FALSE,FALSE,TRUE,TRUE
702,ASV3338,NA,NA,NA,NA,NA,NA,1,1,1,1,FALSE,FALSE,TRUE,TRUE
703,ASV3364,-0.394409375,0.148205054,0.341873775,0.362171667,-115.366.958.251.635,0.40921217,1,1,1,1,FALSE,FALSE,TRUE,FALSE
704,ASV3398,144.451.055.894.511,169.684.096.980.493,0.346692114,0.366236142,416.655.153.427.182,463.318.819.604.777,1,1,1,1,FALSE,FALSE,TRUE,TRUE
705,ASV3437,0.451575378,0.171509242,0.343295057,0.363201784,131.541.473.943.426,0.472214758,1,1,1,1,FALSE,FALSE,TRUE,TRUE
706,ASV3452,NA,NA,NA,NA,NA,NA,1,1,1,1,FALSE,FALSE,TRUE,FALSE
707,ASV3473,-105.504.912.637.334,-113.165.443.189.237,0.347658167,0.36677629,-303.473.131.831.449,-308.540.781.291.125,1,1,1,1,FALSE,FALSE,TRUE,TRUE
708,ASV3501,-0.638592698,0.042797157,0.344229282,0.364561204,-185.513.764.385.658,0.117393614,1,1,1,1,FALSE,FALSE,TRUE,TRUE
709,ASV3527,-160.885.291.845.135,-135.143.554.682.469,0.344229282,0.36401796,-467.378.286.730.417,-371.255.184.225.712,1,1,1,1,FALSE,FALSE,TRUE,FALSE
710,ASV3535,NA,NA,NA,NA,NA,NA,1,1,1,1,FALSE,FALSE,TRUE,TRUE
711,ASV3554,100.321.628.122.133,24.992.583.537.211,0.346567864,0.366236142,289.471.813.784.847,682.417.180.477.767,1,1,1,1,FALSE,FALSE,TRUE,TRUE
712,ASV3561,NA,NA,NA,NA,NA,NA,1,1,1,1,FALSE,FALSE,TRUE,TRUE
713,ASV3597,0.231099848,0.976506489,0.348774375,0.363920835,0.662605584,268.329.371.176.923,1,1,1,1,FALSE,FALSE,TRUE,TRUE
714,ASV3598,NA,NA,NA,NA,NA,NA,1,1,1,1,FALSE,FALSE,TRUE,FALSE
715,ASV3702,-0.891461907,-118.676.904.275.505,0.346573866,0.366236142,-257.221.330.032.471,-324.044.764.251.523,1,1,1,1,FALSE,FALSE,TRUE,TRUE
716,ASV3733,-0.92056127,-0.220113469,0.347729327,0.368531743,-264.735.010.136.815,-0.597271398,1,1,1,1,FALSE,FALSE,TRUE,TRUE
717,ASV3737,NA,NA,NA,NA,NA,NA,1,1,1,1,FALSE,FALSE,TRUE,FALSE
718,ASV3757,-231.712.953.263.827,-0.191529485,0.346567864,0.386578984,-668.593.304.497.272,-0.495447225,1,1,1,1,FALSE,FALSE,TRUE,FALSE
719,ASV3763,NA,NA,NA,NA,NA,NA,1,1,1,1,FALSE,FALSE,TRUE,FALSE
720,ASV3952,0.504037517,0.733490311,0.346567864,0.366236142,145.436.888.470.823,200.277.970.236.308,1,1,1,1,FALSE,FALSE,TRUE,TRUE
721,ASV3958,NA,NA,NA,NA,NA,NA,1,1,1,1,FALSE,FALSE,TRUE,FALSE
722,ASV3973,-0.130119134,0.421405439,0.345881426,0.367454521,-0.376195783,11.468.233.875.349,1,1,1,1,FALSE,FALSE,TRUE,TRUE
723,ASV3995,NA,NA,NA,NA,NA,NA,1,1,1,1,FALSE,FALSE,TRUE,TRUE
724,ASV4053,-0.376320913,-0.213250113,0.346567864,0.366236142,-108.585.057.028.287,-0.582274901,1,1,1,1,FALSE,FALSE,TRUE,TRUE
725,ASV4072,NA,NA,NA,NA,NA,NA,1,1,1,1,FALSE,FALSE,TRUE,FALSE
726,ASV4167,-0.326169125,-0.888159644,0.348561464,0.366818823,-0.935757846,-24.212.488.218.496,1,1,1,1,FALSE,FALSE,TRUE,TRUE
727,ASV4463,-0.766881995,154.784.757.389.542,0.34198092,0.362900984,-224.247.012.318.892,426.520.632.977.528,1,1,1,1,FALSE,FALSE,TRUE,FALSE
728,ASV4655,NA,NA,NA,NA,NA,NA,1,1,1,1,FALSE,FALSE,TRUE,TRUE
729,ASV4749,NA,NA,NA,NA,NA,NA,1,1,1,1,FALSE,FALSE,TRUE,FALSE
730,ASV4889,-0.775013425,0.16204118,0.339671145,0.362214374,-228.165.811.379.236,0.447362645,1,1,1,1,FALSE,FALSE,TRUE,FALSE
731,ASV4976,0.594024025,0.06974086,0.346640071,0.366236142,17.136.623.120.642,0.190425936,1,1,1,1,FALSE,FALSE,TRUE,TRUE
732,ASV5116,NA,NA,NA,NA,NA,NA,1,1,1,1,FALSE,FALSE,TRUE,TRUE
733,ASV5119,-0.395396288,-0.550002932,0.341663855,0.359972536,-115.726.695.397.311,-152.790.248.435.646,1,1,1,1,FALSE,FALSE,TRUE,TRUE
734,ASV5526,-0.616927014,0.59221339,0.346567864,0.366456218,-178.010.450.089.194,161.605.496.182.786,1,1,1,1,FALSE,FALSE,TRUE,FALSE
735,ASV6884,11.867.554.747.619,0.849348872,0.346567864,0.36633062,342.430.905.706.796,231.853.092.915.542,1,1,1,1,FALSE,FALSE,TRUE,FALSE
736,ASV7427,-143.163.565.354.897,-0.617647954,0.34796732,0.366236142,-411.428.192.416.719,-168.647.460.937.791,1,1,1,1,FALSE,FALSE,TRUE,TRUE
737,ASV7852,NA,NA,NA,NA,NA,NA,1,1,1,1,FALSE,FALSE,TRUE,TRUE
